--------------------------------------------------------
--  파일이 생성됨 - 월요일-11월-14-2022   
--------------------------------------------------------
REM INSERTING into TEST_USER.BASKET_OF
SET DEFINE OFF;
Insert into TEST_USER.BASKET_OF (EMAIL,BASKETID) values ('60051234@mju.ac.kr','AAA005');
Insert into TEST_USER.BASKET_OF (EMAIL,BASKETID) values ('60191687@mju.ac.kr','OOO1');
Insert into TEST_USER.BASKET_OF (EMAIL,BASKETID) values ('60191688@mju.ac.kr','OOO2');
Insert into TEST_USER.BASKET_OF (EMAIL,BASKETID) values ('60191689@mju.ac.kr','OOO3');
Insert into TEST_USER.BASKET_OF (EMAIL,BASKETID) values ('60191690@mju.ac.kr','OOO4');
Insert into TEST_USER.BASKET_OF (EMAIL,BASKETID) values ('60191691@mju.ac.kr','OOO5');
Insert into TEST_USER.BASKET_OF (EMAIL,BASKETID) values ('60191692@mju.ac.kr','OOO6');
Insert into TEST_USER.BASKET_OF (EMAIL,BASKETID) values ('60191693@mju.ac.kr','OOO7');
Insert into TEST_USER.BASKET_OF (EMAIL,BASKETID) values ('60191694@mju.ac.kr','OOO8');
Insert into TEST_USER.BASKET_OF (EMAIL,BASKETID) values ('60191695@mju.ac.kr','OOO9');
Insert into TEST_USER.BASKET_OF (EMAIL,BASKETID) values ('60191696@mju.ac.kr','OO10');
Insert into TEST_USER.BASKET_OF (EMAIL,BASKETID) values ('ASDF@mju.ac.kr','AAA006');
Insert into TEST_USER.BASKET_OF (EMAIL,BASKETID) values ('Drop@mju.ac.kr','AAA010');
Insert into TEST_USER.BASKET_OF (EMAIL,BASKETID) values ('President@mju.ac.kr','AAA011');
Insert into TEST_USER.BASKET_OF (EMAIL,BASKETID) values ('UN@mju.ac.kr','AAA009');
Insert into TEST_USER.BASKET_OF (EMAIL,BASKETID) values ('amdr43@gmail.com','EEE010');
Insert into TEST_USER.BASKET_OF (EMAIL,BASKETID) values ('an987@hotmail.com','DDD004');
Insert into TEST_USER.BASKET_OF (EMAIL,BASKETID) values ('andra33@gmail.com','FFF006');
Insert into TEST_USER.BASKET_OF (EMAIL,BASKETID) values ('andra4@gmail.com','FFF002');
Insert into TEST_USER.BASKET_OF (EMAIL,BASKETID) values ('anna098@mju.ac.kr','DDD002');
Insert into TEST_USER.BASKET_OF (EMAIL,BASKETID) values ('anna887@gmail.com','FFF001');
Insert into TEST_USER.BASKET_OF (EMAIL,BASKETID) values ('as123@naver.com','BBB001');
Insert into TEST_USER.BASKET_OF (EMAIL,BASKETID) values ('bill@hotmail.com','AAA008');
Insert into TEST_USER.BASKET_OF (EMAIL,BASKETID) values ('cah987@naver.com','BBB002');
Insert into TEST_USER.BASKET_OF (EMAIL,BASKETID) values ('chl123@naver.com','BBB003');
Insert into TEST_USER.BASKET_OF (EMAIL,BASKETID) values ('chole@gmail.com','FFF007');
Insert into TEST_USER.BASKET_OF (EMAIL,BASKETID) values ('dais@hotmail.com','EEE009');
Insert into TEST_USER.BASKET_OF (EMAIL,BASKETID) values ('dana@hotmail.com','DDD008');
Insert into TEST_USER.BASKET_OF (EMAIL,BASKETID) values ('dskfj@hotmail.com','EEE003');
Insert into TEST_USER.BASKET_OF (EMAIL,BASKETID) values ('ell123@naver.com','BBB004');
Insert into TEST_USER.BASKET_OF (EMAIL,BASKETID) values ('elz123@naver.com','BBB005');
Insert into TEST_USER.BASKET_OF (EMAIL,BASKETID) values ('emily123@mju.ac.kr','DDD001');
Insert into TEST_USER.BASKET_OF (EMAIL,BASKETID) values ('emma123@naver.com','BBB006');
Insert into TEST_USER.BASKET_OF (EMAIL,BASKETID) values ('erdk@hotmail.com','EEE002');
Insert into TEST_USER.BASKET_OF (EMAIL,BASKETID) values ('hilda56@hotmail.com','EEE004');
Insert into TEST_USER.BASKET_OF (EMAIL,BASKETID) values ('ilrel4@hotmail.com','EEE008');
Insert into TEST_USER.BASKET_OF (EMAIL,BASKETID) values ('isb123@naver.com','BBB007');
Insert into TEST_USER.BASKET_OF (EMAIL,BASKETID) values ('jasn68@hotmail.com','DDD006');
Insert into TEST_USER.BASKET_OF (EMAIL,BASKETID) values ('jchun@mju.ac.kr','AAA002');
Insert into TEST_USER.BASKET_OF (EMAIL,BASKETID) values ('jucy456@naver.com','BBB009');
Insert into TEST_USER.BASKET_OF (EMAIL,BASKETID) values ('julia43@hotmail.com','DDD009');
Insert into TEST_USER.BASKET_OF (EMAIL,BASKETID) values ('kat123@naver.com','BBB008');
Insert into TEST_USER.BASKET_OF (EMAIL,BASKETID) values ('kat432@hotmail.com','DDD005');
Insert into TEST_USER.BASKET_OF (EMAIL,BASKETID) values ('kell09809@mju.ac.kr','CCC004');
Insert into TEST_USER.BASKET_OF (EMAIL,BASKETID) values ('killer@mju.ac.kr','AAA004');
Insert into TEST_USER.BASKET_OF (EMAIL,BASKETID) values ('lovebaik@mju.ac.kr','AAA003');
Insert into TEST_USER.BASKET_OF (EMAIL,BASKETID) values ('ma345@mju.ac.kr','BBB010');
Insert into TEST_USER.BASKET_OF (EMAIL,BASKETID) values ('mad87@gmail.com','FFF005');
Insert into TEST_USER.BASKET_OF (EMAIL,BASKETID) values ('mano00@gmail.com','FFF004');
Insert into TEST_USER.BASKET_OF (EMAIL,BASKETID) values ('martina77@gmail.com','FFF008');
Insert into TEST_USER.BASKET_OF (EMAIL,BASKETID) values ('mell234@mju.ac.kr','CCC008');
Insert into TEST_USER.BASKET_OF (EMAIL,BASKETID) values ('mich90@hotmail.com','DDD007');
Insert into TEST_USER.BASKET_OF (EMAIL,BASKETID) values ('mju@gmail.com','AAA007');
Insert into TEST_USER.BASKET_OF (EMAIL,BASKETID) values ('niki987@mju.ac.kr','CCC010');
Insert into TEST_USER.BASKET_OF (EMAIL,BASKETID) values ('rack2193@mju.ac.kr','CCC006');
Insert into TEST_USER.BASKET_OF (EMAIL,BASKETID) values ('rebe987@mju.ac.kr','CCC009');
Insert into TEST_USER.BASKET_OF (EMAIL,BASKETID) values ('sall219837@mju.ac.kr','CCC005');
Insert into TEST_USER.BASKET_OF (EMAIL,BASKETID) values ('sama789@mju.ac.kr','CCC001');
Insert into TEST_USER.BASKET_OF (EMAIL,BASKETID) values ('sarah456@mju.ac.kr','CCC002');
Insert into TEST_USER.BASKET_OF (EMAIL,BASKETID) values ('setll88@hotmail.com','EEE006');
Insert into TEST_USER.BASKET_OF (EMAIL,BASKETID) values ('sop123@mju.ac.kr','CCC003');
Insert into TEST_USER.BASKET_OF (EMAIL,BASKETID) values ('thswave@naver.com','AAA001');
Insert into TEST_USER.BASKET_OF (EMAIL,BASKETID) values ('vavril@hotmail.com','EEE007');
Insert into TEST_USER.BASKET_OF (EMAIL,BASKETID) values ('vict78@mju.ac.kr','DDD003');
Insert into TEST_USER.BASKET_OF (EMAIL,BASKETID) values ('vivian12@gmail.com','FFF003');
Insert into TEST_USER.BASKET_OF (EMAIL,BASKETID) values ('whit987@mju.ac.kr','CCC007');
Insert into TEST_USER.BASKET_OF (EMAIL,BASKETID) values ('yereel@hotmail.com','DDD010');
Insert into TEST_USER.BASKET_OF (EMAIL,BASKETID) values ('yesica@hotmail.com','EEE001');
Insert into TEST_USER.BASKET_OF (EMAIL,BASKETID) values ('zoe123@hotmail.com','EEE005');
REM INSERTING into TEST_USER.AUTHOR
SET DEFINE OFF;
Insert into TEST_USER.AUTHOR (NAME,ADDRESS,URL) values ('Rolling J.K','England 548-87','http://www.AAA.com');
Insert into TEST_USER.AUTHOR (NAME,ADDRESS,URL) values ('Korth','Japan 245-78','http://www.BBB.com');
Insert into TEST_USER.AUTHOR (NAME,ADDRESS,URL) values ('Jihyun You','Honolulu 457-87','http://www.CCC.com');
Insert into TEST_USER.AUTHOR (NAME,ADDRESS,URL) values ('Tonny W','Hawaii 458-78','http://www.skateboard.com');
Insert into TEST_USER.AUTHOR (NAME,ADDRESS,URL) values ('mark Jacops','nakamura 878-875','http://www.brand.com');
Insert into TEST_USER.AUTHOR (NAME,ADDRESS,URL) values ('Gun Ro','경기 수원시 팔달구 벽산아파트','http://www.bsicokr.hotmail.com');
Insert into TEST_USER.AUTHOR (NAME,ADDRESS,URL) values ('심용출','서울 관악구 신림9동 서울대학교','http://www.sblee1179.paran.com');
Insert into TEST_USER.AUTHOR (NAME,ADDRESS,URL) values ('김현수','경북 구미시 산동면 인덕리','http://www.jaewookl.bwtc.co.kr');
Insert into TEST_USER.AUTHOR (NAME,ADDRESS,URL) values ('최영락','경기 용인시 수지읍 상현리','http://www.bada_kang.naver.com');
Insert into TEST_USER.AUTHOR (NAME,ADDRESS,URL) values ('박찬수','서울 양평동3가 에이스빌딩','http://www.ah278.nate.com');
Insert into TEST_USER.AUTHOR (NAME,ADDRESS,URL) values ('김종국','충북 청주시 상당구 용암동','http://www.j-master.kcjnet.com');
Insert into TEST_USER.AUTHOR (NAME,ADDRESS,URL) values ('강주병','인천 동구 송림4동 산업유통센타','http://www.dbwlcjf.dreamwiz.com');
Insert into TEST_USER.AUTHOR (NAME,ADDRESS,URL) values ('박영훈','충북 청원군 미원면 중리','http://www.s.ushiro.hdl.co.jp');
Insert into TEST_USER.AUTHOR (NAME,ADDRESS,URL) values ('김형도','충남 천안시 성남면 신사리','http://www.jjinsk.drtech.co.kr');
Insert into TEST_USER.AUTHOR (NAME,ADDRESS,URL) values ('배기정','경남 마산시 회원구 내서읍 중리','http://www.townerho.nate.com');
Insert into TEST_USER.AUTHOR (NAME,ADDRESS,URL) values ('김홍삼','전북 전주시 덕진구 인후동2가','http://www.hjlee.anelva.co.kr');
Insert into TEST_USER.AUTHOR (NAME,ADDRESS,URL) values ('이명욱','충북 청주시 2동 청주대학교','http://www.jsmed88.naver.com');
Insert into TEST_USER.AUTHOR (NAME,ADDRESS,URL) values ('김상율','경기 광주군 광주읍 태전리','http://www.tkkim.e-ubiquitous.biz');
Insert into TEST_USER.AUTHOR (NAME,ADDRESS,URL) values ('최영조','경남 통영시 광도면 황리','http://www.kirani80.lycos.co.kr');
Insert into TEST_USER.AUTHOR (NAME,ADDRESS,URL) values ('이기준','경기 성남시 수정구 심곡동','http://www.lsh5155.korea.com');
Insert into TEST_USER.AUTHOR (NAME,ADDRESS,URL) values ('김환','서울 구로구 중앙유통단지','http://www.mschun.hanafos.com');
Insert into TEST_USER.AUTHOR (NAME,ADDRESS,URL) values ('김영','부산 진구 프라자 B동 120호',null);
Insert into TEST_USER.AUTHOR (NAME,ADDRESS,URL) values ('정성일','경기 구성면 현대중앙기술연구소','http://www.jhkim.newtechman.co.kr');
Insert into TEST_USER.AUTHOR (NAME,ADDRESS,URL) values ('김건우','경기 화성군 태안읍 안녕리','http://www.nanisul2003.paran.com');
Insert into TEST_USER.AUTHOR (NAME,ADDRESS,URL) values ('전성철','충남 천안시 성거읍 모전리',null);
Insert into TEST_USER.AUTHOR (NAME,ADDRESS,URL) values ('강충식','서울 서울대학교의과대학','http://www.bluesense15.nate.com');
Insert into TEST_USER.AUTHOR (NAME,ADDRESS,URL) values ('Soobin Son','경기 수원시 팔달구 벽산아파트','http://wwww.son.co.kr');
Insert into TEST_USER.AUTHOR (NAME,ADDRESS,URL) values ('정은','인천 중구 이편한세상','http://www.lovecat4.com');
Insert into TEST_USER.AUTHOR (NAME,ADDRESS,URL) values ('정민','인천 중구 풍림1차','http://www.lovecat5.com');
Insert into TEST_USER.AUTHOR (NAME,ADDRESS,URL) values ('진','인천 중구 풍림2차','http://www.lovecat6.com');
Insert into TEST_USER.AUTHOR (NAME,ADDRESS,URL) values ('소현','인천 중구 스카이시티자이','http://www.lovecat7.com');
Insert into TEST_USER.AUTHOR (NAME,ADDRESS,URL) values ('승관','인천 중구 금호2차','http://www.lovecat8.com');
Insert into TEST_USER.AUTHOR (NAME,ADDRESS,URL) values ('태연','인천 중구 금호1차','http://www.lovecat9.com');
Insert into TEST_USER.AUTHOR (NAME,ADDRESS,URL) values ('혜리','인천 중구 삼안','http://www.lovecat10.com');
Insert into TEST_USER.AUTHOR (NAME,ADDRESS,URL) values ('민경','인천 중구 sk','http://www.lovecat11.com');
Insert into TEST_USER.AUTHOR (NAME,ADDRESS,URL) values ('지우','인천 중구 프루지오','http://www.lovecat12.com');
Insert into TEST_USER.AUTHOR (NAME,ADDRESS,URL) values ('주환','인천 중구 어울림','http://www.lovecat13.com');
REM INSERTING into TEST_USER.STOCKS
SET DEFINE OFF;
Insert into TEST_USER.STOCKS (ISBN,CODE,NUM) values ('1001','A01','1000');
Insert into TEST_USER.STOCKS (ISBN,CODE,NUM) values ('1001','B01','500');
Insert into TEST_USER.STOCKS (ISBN,CODE,NUM) values ('1001','C01','0');
Insert into TEST_USER.STOCKS (ISBN,CODE,NUM) values ('1002','A02','0');
Insert into TEST_USER.STOCKS (ISBN,CODE,NUM) values ('1003','B01','200');
Insert into TEST_USER.STOCKS (ISBN,CODE,NUM) values ('1003','A02','5000');
Insert into TEST_USER.STOCKS (ISBN,CODE,NUM) values ('2001','A01','2000');
Insert into TEST_USER.STOCKS (ISBN,CODE,NUM) values ('2001','C01','0');
Insert into TEST_USER.STOCKS (ISBN,CODE,NUM) values ('2001','C02','200');
Insert into TEST_USER.STOCKS (ISBN,CODE,NUM) values ('2002','B01','2000');
Insert into TEST_USER.STOCKS (ISBN,CODE,NUM) values ('2003','B01','500');
Insert into TEST_USER.STOCKS (ISBN,CODE,NUM) values ('3001','B03','6000');
Insert into TEST_USER.STOCKS (ISBN,CODE,NUM) values ('3001','A03','0');
Insert into TEST_USER.STOCKS (ISBN,CODE,NUM) values ('3002','C03','900');
Insert into TEST_USER.STOCKS (ISBN,CODE,NUM) values ('3002','A03','3000');
Insert into TEST_USER.STOCKS (ISBN,CODE,NUM) values ('3003','C03','600');
Insert into TEST_USER.STOCKS (ISBN,CODE,NUM) values ('3003','B03','1000');
Insert into TEST_USER.STOCKS (ISBN,CODE,NUM) values ('4001','C03','5000');
Insert into TEST_USER.STOCKS (ISBN,CODE,NUM) values ('1004','A02','1000');
Insert into TEST_USER.STOCKS (ISBN,CODE,NUM) values ('1005','A02','500');
Insert into TEST_USER.STOCKS (ISBN,CODE,NUM) values ('1006','A02','0');
Insert into TEST_USER.STOCKS (ISBN,CODE,NUM) values ('1007','A02','0');
Insert into TEST_USER.STOCKS (ISBN,CODE,NUM) values ('1008','A02','200');
Insert into TEST_USER.STOCKS (ISBN,CODE,NUM) values ('1009','A02','5000');
Insert into TEST_USER.STOCKS (ISBN,CODE,NUM) values ('2004','B01','2000');
Insert into TEST_USER.STOCKS (ISBN,CODE,NUM) values ('2005','B01','0');
Insert into TEST_USER.STOCKS (ISBN,CODE,NUM) values ('2006','B01','200');
Insert into TEST_USER.STOCKS (ISBN,CODE,NUM) values ('2007','B01','2000');
Insert into TEST_USER.STOCKS (ISBN,CODE,NUM) values ('2008','B01','500');
Insert into TEST_USER.STOCKS (ISBN,CODE,NUM) values ('2009','B01','6000');
Insert into TEST_USER.STOCKS (ISBN,CODE,NUM) values ('3004','C03','0');
Insert into TEST_USER.STOCKS (ISBN,CODE,NUM) values ('3005','B03','900');
Insert into TEST_USER.STOCKS (ISBN,CODE,NUM) values ('3006','C03','3000');
Insert into TEST_USER.STOCKS (ISBN,CODE,NUM) values ('3007','B03','600');
Insert into TEST_USER.STOCKS (ISBN,CODE,NUM) values ('3008','C03','1000');
Insert into TEST_USER.STOCKS (ISBN,CODE,NUM) values ('3009','B03','5000');
Insert into TEST_USER.STOCKS (ISBN,CODE,NUM) values ('4002','C03','1000');
Insert into TEST_USER.STOCKS (ISBN,CODE,NUM) values ('4003','C03','500');
Insert into TEST_USER.STOCKS (ISBN,CODE,NUM) values ('4004','C03','0');
Insert into TEST_USER.STOCKS (ISBN,CODE,NUM) values ('4005','C03','0');
Insert into TEST_USER.STOCKS (ISBN,CODE,NUM) values ('4006','C03','200');
Insert into TEST_USER.STOCKS (ISBN,CODE,NUM) values ('4007','C03','5000');
Insert into TEST_USER.STOCKS (ISBN,CODE,NUM) values ('4008','C03','2000');
Insert into TEST_USER.STOCKS (ISBN,CODE,NUM) values ('4009','C03','0');
Insert into TEST_USER.STOCKS (ISBN,CODE,NUM) values ('5003','C03','200');
Insert into TEST_USER.STOCKS (ISBN,CODE,NUM) values ('5001','C03','2000');
Insert into TEST_USER.STOCKS (ISBN,CODE,NUM) values ('5002','C03','500');
Insert into TEST_USER.STOCKS (ISBN,CODE,NUM) values ('6001','A03','600');
Insert into TEST_USER.STOCKS (ISBN,CODE,NUM) values ('6002','A03','300');
Insert into TEST_USER.STOCKS (ISBN,CODE,NUM) values ('6003','A02','500');
Insert into TEST_USER.STOCKS (ISBN,CODE,NUM) values ('6004','A02','700');
Insert into TEST_USER.STOCKS (ISBN,CODE,NUM) values ('6005','A01','800');
Insert into TEST_USER.STOCKS (ISBN,CODE,NUM) values ('6006','A01','500');
Insert into TEST_USER.STOCKS (ISBN,CODE,NUM) values ('7001','A01','0');
Insert into TEST_USER.STOCKS (ISBN,CODE,NUM) values ('7002','A02','300');
Insert into TEST_USER.STOCKS (ISBN,CODE,NUM) values ('7003','A02','10');
Insert into TEST_USER.STOCKS (ISBN,CODE,NUM) values ('7004','A01','500');
REM INSERTING into TEST_USER.WAREHOUSE
SET DEFINE OFF;
Insert into TEST_USER.WAREHOUSE (CODE,ADDRESS,PHONE) values ('A01','Newyork 11-2','099 578 5488');
Insert into TEST_USER.WAREHOUSE (CODE,ADDRESS,PHONE) values ('A02','oregon 25-22','005 578 8789');
Insert into TEST_USER.WAREHOUSE (CODE,ADDRESS,PHONE) values ('A03','nevada 458-8','022 555 8786');
Insert into TEST_USER.WAREHOUSE (CODE,ADDRESS,PHONE) values ('A04','florida 125-55','035 878 8788');
Insert into TEST_USER.WAREHOUSE (CODE,ADDRESS,PHONE) values ('A05','pennsylvania 45-8','006 878 2222');
Insert into TEST_USER.WAREHOUSE (CODE,ADDRESS,PHONE) values ('A06','texas 448-8','065 872 8724');
Insert into TEST_USER.WAREHOUSE (CODE,ADDRESS,PHONE) values ('A07','mexico 8','033 878 8886');
Insert into TEST_USER.WAREHOUSE (CODE,ADDRESS,PHONE) values ('A08','lowa 87-88','011 552 1287');
Insert into TEST_USER.WAREHOUSE (CODE,ADDRESS,PHONE) values ('A09','virginia 87','002 578 7986');
Insert into TEST_USER.WAREHOUSE (CODE,ADDRESS,PHONE) values ('A10','경남 창원시 팔용동','032-527-2717');
Insert into TEST_USER.WAREHOUSE (CODE,ADDRESS,PHONE) values ('B01','경남 김해시 어방동','02-2058-1790');
Insert into TEST_USER.WAREHOUSE (CODE,ADDRESS,PHONE) values ('B02','서울 금천구 가산동','062-675-2984');
Insert into TEST_USER.WAREHOUSE (CODE,ADDRESS,PHONE) values ('B03','경북 구미시 황상동','02-714-8116');
Insert into TEST_USER.WAREHOUSE (CODE,ADDRESS,PHONE) values ('B04','경남 양산시 북정동','062-602-7688');
Insert into TEST_USER.WAREHOUSE (CODE,ADDRESS,PHONE) values ('B05','서울 구로구 구로3동','031-695-7391');
Insert into TEST_USER.WAREHOUSE (CODE,ADDRESS,PHONE) values ('B06','대전 유성구 장동','031-479-0093');
Insert into TEST_USER.WAREHOUSE (CODE,ADDRESS,PHONE) values ('B07','경기 안산시 원시동','031-508-8848');
Insert into TEST_USER.WAREHOUSE (CODE,ADDRESS,PHONE) values ('B08','서울 강남구 대치4동','04-2963-1276');
Insert into TEST_USER.WAREHOUSE (CODE,ADDRESS,PHONE) values ('B09','대전 대덕구 대화동','052-691-2412');
Insert into TEST_USER.WAREHOUSE (CODE,ADDRESS,PHONE) values ('B10','경남 창원시 성주동','06-6537-4531');
Insert into TEST_USER.WAREHOUSE (CODE,ADDRESS,PHONE) values ('C01','서울 구로구 구로3동','042-825-7402');
Insert into TEST_USER.WAREHOUSE (CODE,ADDRESS,PHONE) values ('C02','서울 용산구 도원동','02-424-4424');
Insert into TEST_USER.WAREHOUSE (CODE,ADDRESS,PHONE) values ('C03','서울 금천구 독산동','02-2108-8711');
Insert into TEST_USER.WAREHOUSE (CODE,ADDRESS,PHONE) values ('C04','서울 강남구 수서동','042-546-4811');
Insert into TEST_USER.WAREHOUSE (CODE,ADDRESS,PHONE) values ('C05','대구 중구 동인동2가','045-475-7221');
Insert into TEST_USER.WAREHOUSE (CODE,ADDRESS,PHONE) values ('C06','경기 안산시 일동','051-312-2458');
Insert into TEST_USER.WAREHOUSE (CODE,ADDRESS,PHONE) values ('C07','경남 창원시 사림동','053-320-1435');
Insert into TEST_USER.WAREHOUSE (CODE,ADDRESS,PHONE) values ('C08','울산 동구 방어동','090-8014-6800');
Insert into TEST_USER.WAREHOUSE (CODE,ADDRESS,PHONE) values ('C09','충남 태안군 태안읍','093-644-1200');
Insert into TEST_USER.WAREHOUSE (CODE,ADDRESS,PHONE) values ('C10','광주 광산구 신창동','02-2654-2140');
Insert into TEST_USER.WAREHOUSE (CODE,ADDRESS,PHONE) values ('D01','서울 종로구 장사동','031-494-0258');
Insert into TEST_USER.WAREHOUSE (CODE,ADDRESS,PHONE) values ('D02','대전 유성구 봉명동','042-860-5273');
Insert into TEST_USER.WAREHOUSE (CODE,ADDRESS,PHONE) values ('D03','전북 익산시 남중동','052-260-2694');
Insert into TEST_USER.WAREHOUSE (CODE,ADDRESS,PHONE) values ('D04','서울 서초구 양재2동','02-6311-3955');
Insert into TEST_USER.WAREHOUSE (CODE,ADDRESS,PHONE) values ('D05','대구 달서구 파산동','02-2275-9861');
Insert into TEST_USER.WAREHOUSE (CODE,ADDRESS,PHONE) values ('D06','경북 영주시 영주2동','053-411-0567');
Insert into TEST_USER.WAREHOUSE (CODE,ADDRESS,PHONE) values ('D07','서울 금천구 시흥3동','02-2616-1563');
Insert into TEST_USER.WAREHOUSE (CODE,ADDRESS,PHONE) values ('E01','인천 중구 운서동','032-111-1111');
Insert into TEST_USER.WAREHOUSE (CODE,ADDRESS,PHONE) values ('E02','인천 중구 운남동','032-111-1112');
Insert into TEST_USER.WAREHOUSE (CODE,ADDRESS,PHONE) values ('E03','인천 중구 운북동','032-111-1113');
Insert into TEST_USER.WAREHOUSE (CODE,ADDRESS,PHONE) values ('E04','인천 중구 중산동','032-111-1114');
Insert into TEST_USER.WAREHOUSE (CODE,ADDRESS,PHONE) values ('E05','인천 중구 진황동','032-111-1115');
Insert into TEST_USER.WAREHOUSE (CODE,ADDRESS,PHONE) values ('E06','인천 중구 중동','032-111-1116');
Insert into TEST_USER.WAREHOUSE (CODE,ADDRESS,PHONE) values ('E07','인천 중구 진배동','032-111-1117');
Insert into TEST_USER.WAREHOUSE (CODE,ADDRESS,PHONE) values ('E08','인천 중구 강배동','032-111-1118');
Insert into TEST_USER.WAREHOUSE (CODE,ADDRESS,PHONE) values ('E09','인천 중구 동화동','032-111-1119');
Insert into TEST_USER.WAREHOUSE (CODE,ADDRESS,PHONE) values ('E10','인천 중구 신림동','032-111-1110');
REM INSERTING into TEST_USER.WRITTEN_BY
SET DEFINE OFF;
Insert into TEST_USER.WRITTEN_BY (NAME,ADDRESS,ISBN) values ('Gun Ro','경기 수원시 팔달구 벽산아파트','6001');
Insert into TEST_USER.WRITTEN_BY (NAME,ADDRESS,ISBN) values ('Gun Ro','경기 수원시 팔달구 벽산아파트','6002');
Insert into TEST_USER.WRITTEN_BY (NAME,ADDRESS,ISBN) values ('Gun Ro','경기 수원시 팔달구 벽산아파트','6003');
Insert into TEST_USER.WRITTEN_BY (NAME,ADDRESS,ISBN) values ('Gun Ro','경기 수원시 팔달구 벽산아파트','6004');
Insert into TEST_USER.WRITTEN_BY (NAME,ADDRESS,ISBN) values ('Gun Ro','경기 수원시 팔달구 벽산아파트','6005');
Insert into TEST_USER.WRITTEN_BY (NAME,ADDRESS,ISBN) values ('Gun Ro','경기 수원시 팔달구 벽산아파트','6006');
Insert into TEST_USER.WRITTEN_BY (NAME,ADDRESS,ISBN) values ('Jihyun You','Honolulu 457-87','3001');
Insert into TEST_USER.WRITTEN_BY (NAME,ADDRESS,ISBN) values ('Jihyun You','Honolulu 457-87','3003');
Insert into TEST_USER.WRITTEN_BY (NAME,ADDRESS,ISBN) values ('Jihyun You','Honolulu 457-87','3004');
Insert into TEST_USER.WRITTEN_BY (NAME,ADDRESS,ISBN) values ('Jihyun You','Honolulu 457-87','3005');
Insert into TEST_USER.WRITTEN_BY (NAME,ADDRESS,ISBN) values ('Jihyun You','Honolulu 457-87','3008');
Insert into TEST_USER.WRITTEN_BY (NAME,ADDRESS,ISBN) values ('Jihyun You','Honolulu 457-87','3009');
Insert into TEST_USER.WRITTEN_BY (NAME,ADDRESS,ISBN) values ('Korth','Japan 245-78','1002');
Insert into TEST_USER.WRITTEN_BY (NAME,ADDRESS,ISBN) values ('Korth','Japan 245-78','1003');
Insert into TEST_USER.WRITTEN_BY (NAME,ADDRESS,ISBN) values ('Korth','Japan 245-78','2002');
Insert into TEST_USER.WRITTEN_BY (NAME,ADDRESS,ISBN) values ('Rolling J.K','England 548-87','1001');
Insert into TEST_USER.WRITTEN_BY (NAME,ADDRESS,ISBN) values ('Rolling J.K','England 548-87','1002');
Insert into TEST_USER.WRITTEN_BY (NAME,ADDRESS,ISBN) values ('Rolling J.K','England 548-87','1008');
Insert into TEST_USER.WRITTEN_BY (NAME,ADDRESS,ISBN) values ('Rolling J.K','England 548-87','1009');
Insert into TEST_USER.WRITTEN_BY (NAME,ADDRESS,ISBN) values ('Rolling J.K','England 548-87','1010');
Insert into TEST_USER.WRITTEN_BY (NAME,ADDRESS,ISBN) values ('Rolling J.K','England 548-87','2001');
Insert into TEST_USER.WRITTEN_BY (NAME,ADDRESS,ISBN) values ('Rolling J.K','England 548-87','2002');
Insert into TEST_USER.WRITTEN_BY (NAME,ADDRESS,ISBN) values ('Soobin Son','경기 수원시 팔달구 벽산아파트','1004');
Insert into TEST_USER.WRITTEN_BY (NAME,ADDRESS,ISBN) values ('Soobin Son','경기 수원시 팔달구 벽산아파트','1007');
Insert into TEST_USER.WRITTEN_BY (NAME,ADDRESS,ISBN) values ('Soobin Son','경기 수원시 팔달구 벽산아파트','2004');
Insert into TEST_USER.WRITTEN_BY (NAME,ADDRESS,ISBN) values ('Soobin Son','경기 수원시 팔달구 벽산아파트','2005');
Insert into TEST_USER.WRITTEN_BY (NAME,ADDRESS,ISBN) values ('Soobin Son','경기 수원시 팔달구 벽산아파트','2009');
Insert into TEST_USER.WRITTEN_BY (NAME,ADDRESS,ISBN) values ('Soobin Son','경기 수원시 팔달구 벽산아파트','3002');
Insert into TEST_USER.WRITTEN_BY (NAME,ADDRESS,ISBN) values ('Soobin Son','경기 수원시 팔달구 벽산아파트','4002');
Insert into TEST_USER.WRITTEN_BY (NAME,ADDRESS,ISBN) values ('Tonny W','Hawaii 458-78','2001');
Insert into TEST_USER.WRITTEN_BY (NAME,ADDRESS,ISBN) values ('mark Jacops','nakamura 878-875','2003');
Insert into TEST_USER.WRITTEN_BY (NAME,ADDRESS,ISBN) values ('mark Jacops','nakamura 878-875','4001');
Insert into TEST_USER.WRITTEN_BY (NAME,ADDRESS,ISBN) values ('강충식','서울 서울대학교의과대학','3006');
Insert into TEST_USER.WRITTEN_BY (NAME,ADDRESS,ISBN) values ('강충식','서울 서울대학교의과대학','3007');
Insert into TEST_USER.WRITTEN_BY (NAME,ADDRESS,ISBN) values ('김건우','경기 화성군 태안읍 안녕리','4009');
Insert into TEST_USER.WRITTEN_BY (NAME,ADDRESS,ISBN) values ('김상율','경기 광주군 광주읍 태전리','2007');
Insert into TEST_USER.WRITTEN_BY (NAME,ADDRESS,ISBN) values ('김영','부산 진구 프라자 B동 120호','1006');
Insert into TEST_USER.WRITTEN_BY (NAME,ADDRESS,ISBN) values ('김종국','충북 청주시 상당구 용암동','4005');
Insert into TEST_USER.WRITTEN_BY (NAME,ADDRESS,ISBN) values ('김현수','경북 구미시 산동면 인덕리','2008');
Insert into TEST_USER.WRITTEN_BY (NAME,ADDRESS,ISBN) values ('김현수','경북 구미시 산동면 인덕리','4007');
Insert into TEST_USER.WRITTEN_BY (NAME,ADDRESS,ISBN) values ('김환','서울 구로구 중앙유통단지','4003');
Insert into TEST_USER.WRITTEN_BY (NAME,ADDRESS,ISBN) values ('박찬수','서울 양평동3가 에이스빌딩','4008');
Insert into TEST_USER.WRITTEN_BY (NAME,ADDRESS,ISBN) values ('심용출','서울 관악구 신림9동 서울대학교','2006');
Insert into TEST_USER.WRITTEN_BY (NAME,ADDRESS,ISBN) values ('심용출','서울 관악구 신림9동 서울대학교','4004');
Insert into TEST_USER.WRITTEN_BY (NAME,ADDRESS,ISBN) values ('정은','인천 중구 이편한세상','7001');
Insert into TEST_USER.WRITTEN_BY (NAME,ADDRESS,ISBN) values ('정은','인천 중구 이편한세상','7002');
Insert into TEST_USER.WRITTEN_BY (NAME,ADDRESS,ISBN) values ('정은','인천 중구 이편한세상','7003');
Insert into TEST_USER.WRITTEN_BY (NAME,ADDRESS,ISBN) values ('정은','인천 중구 이편한세상','7004');
Insert into TEST_USER.WRITTEN_BY (NAME,ADDRESS,ISBN) values ('최영락','경기 용인시 수지읍 상현리','4006');
REM INSERTING into TEST_USER.PUBLISHED_BY
SET DEFINE OFF;
Insert into TEST_USER.PUBLISHED_BY (NAME,ISBN) values ('Emma','2001');
Insert into TEST_USER.PUBLISHED_BY (NAME,ISBN) values ('Emma','2002');
Insert into TEST_USER.PUBLISHED_BY (NAME,ISBN) values ('Harry','1001');
Insert into TEST_USER.PUBLISHED_BY (NAME,ISBN) values ('Harry','1002');
Insert into TEST_USER.PUBLISHED_BY (NAME,ISBN) values ('Harry','1004');
Insert into TEST_USER.PUBLISHED_BY (NAME,ISBN) values ('Harry','1005');
Insert into TEST_USER.PUBLISHED_BY (NAME,ISBN) values ('Harry','1006');
Insert into TEST_USER.PUBLISHED_BY (NAME,ISBN) values ('Harry','1007');
Insert into TEST_USER.PUBLISHED_BY (NAME,ISBN) values ('Harry','1008');
Insert into TEST_USER.PUBLISHED_BY (NAME,ISBN) values ('Harry','1009');
Insert into TEST_USER.PUBLISHED_BY (NAME,ISBN) values ('Harry','6001');
Insert into TEST_USER.PUBLISHED_BY (NAME,ISBN) values ('Harry','6002');
Insert into TEST_USER.PUBLISHED_BY (NAME,ISBN) values ('Harry','6003');
Insert into TEST_USER.PUBLISHED_BY (NAME,ISBN) values ('Harry','6004');
Insert into TEST_USER.PUBLISHED_BY (NAME,ISBN) values ('Harry','6005');
Insert into TEST_USER.PUBLISHED_BY (NAME,ISBN) values ('Harry','6006');
Insert into TEST_USER.PUBLISHED_BY (NAME,ISBN) values ('Malpoi','2003');
Insert into TEST_USER.PUBLISHED_BY (NAME,ISBN) values ('Malpoi','2004');
Insert into TEST_USER.PUBLISHED_BY (NAME,ISBN) values ('Malpoi','2005');
Insert into TEST_USER.PUBLISHED_BY (NAME,ISBN) values ('Ron','1003');
Insert into TEST_USER.PUBLISHED_BY (NAME,ISBN) values ('Tiger JK','4001');
Insert into TEST_USER.PUBLISHED_BY (NAME,ISBN) values ('Tiger JK','4002');
Insert into TEST_USER.PUBLISHED_BY (NAME,ISBN) values ('Tiger JK','4003');
Insert into TEST_USER.PUBLISHED_BY (NAME,ISBN) values ('Tiger JK','5001');
Insert into TEST_USER.PUBLISHED_BY (NAME,ISBN) values ('Tiger JK','5002');
Insert into TEST_USER.PUBLISHED_BY (NAME,ISBN) values ('Tina','3001');
Insert into TEST_USER.PUBLISHED_BY (NAME,ISBN) values ('Tina','3002');
Insert into TEST_USER.PUBLISHED_BY (NAME,ISBN) values ('mark Jacops','3003');
Insert into TEST_USER.PUBLISHED_BY (NAME,ISBN) values ('강성택','4004');
Insert into TEST_USER.PUBLISHED_BY (NAME,ISBN) values ('김준배','7001');
Insert into TEST_USER.PUBLISHED_BY (NAME,ISBN) values ('김준배','7002');
Insert into TEST_USER.PUBLISHED_BY (NAME,ISBN) values ('김준배','7003');
Insert into TEST_USER.PUBLISHED_BY (NAME,ISBN) values ('김준배','7004');
Insert into TEST_USER.PUBLISHED_BY (NAME,ISBN) values ('남표','2009');
Insert into TEST_USER.PUBLISHED_BY (NAME,ISBN) values ('남표','4008');
Insert into TEST_USER.PUBLISHED_BY (NAME,ISBN) values ('노정주','3004');
Insert into TEST_USER.PUBLISHED_BY (NAME,ISBN) values ('노정주','4009');
Insert into TEST_USER.PUBLISHED_BY (NAME,ISBN) values ('박창남','3009');
Insert into TEST_USER.PUBLISHED_BY (NAME,ISBN) values ('서승민','3007');
Insert into TEST_USER.PUBLISHED_BY (NAME,ISBN) values ('송하종','2006');
Insert into TEST_USER.PUBLISHED_BY (NAME,ISBN) values ('송하종','4005');
Insert into TEST_USER.PUBLISHED_BY (NAME,ISBN) values ('여복모','3005');
Insert into TEST_USER.PUBLISHED_BY (NAME,ISBN) values ('여복모','4001');
Insert into TEST_USER.PUBLISHED_BY (NAME,ISBN) values ('윤헌수','3006');
Insert into TEST_USER.PUBLISHED_BY (NAME,ISBN) values ('이면근','2007');
Insert into TEST_USER.PUBLISHED_BY (NAME,ISBN) values ('이면근','4006');
Insert into TEST_USER.PUBLISHED_BY (NAME,ISBN) values ('이이원','3008');
Insert into TEST_USER.PUBLISHED_BY (NAME,ISBN) values ('최규호','2008');
Insert into TEST_USER.PUBLISHED_BY (NAME,ISBN) values ('최규호','4007');
REM INSERTING into TEST_USER.PUBLISHER
SET DEFINE OFF;
Insert into TEST_USER.PUBLISHER (NAME,ADDRESS,PHONE,URL) values ('Harry','Hogwatt 125-88','060 500 4000','http://www.magic.com');
Insert into TEST_USER.PUBLISHER (NAME,ADDRESS,PHONE,URL) values ('Ron','Hogwatt 125-88','031 555 5105','http://www.weak.com');
Insert into TEST_USER.PUBLISHER (NAME,ADDRESS,PHONE,URL) values ('Emma','Hogwatt 265-87','02 553 5107','http://www.study.com');
Insert into TEST_USER.PUBLISHER (NAME,ADDRESS,PHONE,URL) values ('Tina','3Dong 235','031 666 1788','http://www.extra.com');
Insert into TEST_USER.PUBLISHER (NAME,ADDRESS,PHONE,URL) values ('Malpoi','Jail 458-88','031 658 8789','http://www.looser.com');
Insert into TEST_USER.PUBLISHER (NAME,ADDRESS,PHONE,URL) values ('ellen M.M','China 157-87','080 5858 8282','http://www.CS.com');
Insert into TEST_USER.PUBLISHER (NAME,ADDRESS,PHONE,URL) values ('mark Jacops','nakamura 878-875','123 456 7890','http://www.brand.com');
Insert into TEST_USER.PUBLISHER (NAME,ADDRESS,PHONE,URL) values ('Tiger JK','kangNam 125-77','090 548 9879','http://www.future.com');
Insert into TEST_USER.PUBLISHER (NAME,ADDRESS,PHONE,URL) values ('강성택','서울 용산구 원효로3가','02-836-5392','http://www.e-design.prede.com');
Insert into TEST_USER.PUBLISHER (NAME,ADDRESS,PHONE,URL) values ('송하종','전북 익산시 신흥동','031-323-0661','http://www.masatot.gsc.riken.go.jp');
Insert into TEST_USER.PUBLISHER (NAME,ADDRESS,PHONE,URL) values ('이면근','경남 하동군 하동읍','031-479-4992','http://www.pdk.pdk.co.kr');
Insert into TEST_USER.PUBLISHER (NAME,ADDRESS,PHONE,URL) values ('최규호','경북 구미시 형곡2동','042-862-6880','http://www.donghan.oh.samsung.com');
Insert into TEST_USER.PUBLISHER (NAME,ADDRESS,PHONE,URL) values ('남표','인천 남구 학익2동','041-529-6383','http://www.hoshiba.cb3.so-net.ne.jp');
Insert into TEST_USER.PUBLISHER (NAME,ADDRESS,PHONE,URL) values ('노정주','서울 양천구 목5동','048-645-3456','http://www.yshan.kimm.re.kr');
Insert into TEST_USER.PUBLISHER (NAME,ADDRESS,PHONE,URL) values ('여복모','대구 달서구 유천동','045-543-9886','http://www.ysjj1.nate.com');
Insert into TEST_USER.PUBLISHER (NAME,ADDRESS,PHONE,URL) values ('윤헌수','충남 천안시 직산읍','031-730-6854','http://www.nofuohkura.yahoo.co.jp');
Insert into TEST_USER.PUBLISHER (NAME,ADDRESS,PHONE,URL) values ('서승민','대전 유성구 탑립동','043-733-5371','noboru-mashiko.cocoa.plala.or.');
Insert into TEST_USER.PUBLISHER (NAME,ADDRESS,PHONE,URL) values ('이이원','서울 강서구 공항동','047-357-9193',null);
Insert into TEST_USER.PUBLISHER (NAME,ADDRESS,PHONE,URL) values ('박창남','서울 강남구 포이동','031-677-6182','http://www.ehddjs.hotmail.com');
Insert into TEST_USER.PUBLISHER (NAME,ADDRESS,PHONE,URL) values ('화순택','대구 수성구 만촌1동','033-373-8231','ysshin334.hanmail.net');
Insert into TEST_USER.PUBLISHER (NAME,ADDRESS,PHONE,URL) values ('권덕준','경기 파주시 금촌동','054-453-1926',null);
Insert into TEST_USER.PUBLISHER (NAME,ADDRESS,PHONE,URL) values ('이성준','경기 광주시 오포읍','031-500-7881','http://www.t-koreed2161.ls.lbm.co.jp');
Insert into TEST_USER.PUBLISHER (NAME,ADDRESS,PHONE,URL) values ('우영화','대구 남구 대명동','032-527-2717','01190590400.naver.com');
Insert into TEST_USER.PUBLISHER (NAME,ADDRESS,PHONE,URL) values ('박상후','부산 금정구 남산동','03-3893-5162','http://www.yangdg.nate.com');
Insert into TEST_USER.PUBLISHER (NAME,ADDRESS,PHONE,URL) values ('심승한','대전 유성구 전민동','02-2058-1790','http://www.musesky.korea.com');
Insert into TEST_USER.PUBLISHER (NAME,ADDRESS,PHONE,URL) values ('한중희','부산 금정구 금사동','062-675-2984',null);
Insert into TEST_USER.PUBLISHER (NAME,ADDRESS,PHONE,URL) values ('장필재','대구 중구 남산동','02-714-8116',null);
Insert into TEST_USER.PUBLISHER (NAME,ADDRESS,PHONE,URL) values ('박주홍','대구 중구 남산동','062-670-2191',null);
Insert into TEST_USER.PUBLISHER (NAME,ADDRESS,PHONE,URL) values ('이명재','경기 시흥시 정왕동','031-695-7391','http://www.bluepure.hotmail.com');
Insert into TEST_USER.PUBLISHER (NAME,ADDRESS,PHONE,URL) values ('이정남','부산 사상구 모라3동','031-479-0093',null);
Insert into TEST_USER.PUBLISHER (NAME,ADDRESS,PHONE,URL) values ('이용환','서울 광진구 군자동','041-572-4484','http://www.pinevill.paran.com');
Insert into TEST_USER.PUBLISHER (NAME,ADDRESS,PHONE,URL) values ('김형기','대구 북구 산격동','04-2963-1276','http://www.shyn.skku.edu');
Insert into TEST_USER.PUBLISHER (NAME,ADDRESS,PHONE,URL) values ('이봉노','강원 춘천시 낙원동','054-465-4211',null);
Insert into TEST_USER.PUBLISHER (NAME,ADDRESS,PHONE,URL) values ('김 양진','충남 공주시 신관동','031-290-7989','http://www.allegro.htt.co.kr');
Insert into TEST_USER.PUBLISHER (NAME,ADDRESS,PHONE,URL) values ('이선종','서울 구로구 구로동','03-5496-1521','http://www.hayashi_yoshiyuki.royal-kk.co.');
Insert into TEST_USER.PUBLISHER (NAME,ADDRESS,PHONE,URL) values ('김광순','경기 안성시 인지동','02-2108-2200',null);
Insert into TEST_USER.PUBLISHER (NAME,ADDRESS,PHONE,URL) values ('한상현','대구 수성구 범물동','052-691-2412',null);
Insert into TEST_USER.PUBLISHER (NAME,ADDRESS,PHONE,URL) values ('이주환','경기 수원시 팔달구 십산아파트','031-111-222','http://www.bsicokr1.hotmail.com');
Insert into TEST_USER.PUBLISHER (NAME,ADDRESS,PHONE,URL) values ('김진표','경기 수원시 팔달구 일산아파트','031-111-333','http://www.bsicokr2.hotmail.com');
Insert into TEST_USER.PUBLISHER (NAME,ADDRESS,PHONE,URL) values ('정충신','경기 수원시 팔달구 이산아파트','031-111-444','http://www.bsicokr3.hotmail.com');
Insert into TEST_USER.PUBLISHER (NAME,ADDRESS,PHONE,URL) values ('이상희','경기 수원시 팔달구 삼산아파트','031-111-555','http://www.bsicokr4.hotmail.com');
Insert into TEST_USER.PUBLISHER (NAME,ADDRESS,PHONE,URL) values ('이진희','경기 수원시 팔달구 사산아파트','031-111-666','http://www.bsicokr5.hotmail.com');
Insert into TEST_USER.PUBLISHER (NAME,ADDRESS,PHONE,URL) values ('이주희','경기 수원시 팔달구 오산아파트','031-111-777','http://www.bsicokr6.hotmail.com');
Insert into TEST_USER.PUBLISHER (NAME,ADDRESS,PHONE,URL) values ('이재민','경기 수원시 팔달구 육산아파트','031-111-888','http://www.bsicokr7.hotmail.com');
Insert into TEST_USER.PUBLISHER (NAME,ADDRESS,PHONE,URL) values ('이미희','경기 수원시 팔달구 칠산아파트','031-111-999','http://www.bsicokr8.hotmail.com');
Insert into TEST_USER.PUBLISHER (NAME,ADDRESS,PHONE,URL) values ('김준배','경기 수원시 팔달구 팔산아파트','031-111-1010','http://www.bsicokr9.hotmail.com');
Insert into TEST_USER.PUBLISHER (NAME,ADDRESS,PHONE,URL) values ('김지환','경기 수원시 팔달구 구산아파트','031-111-1111','http://www.bsicokr`0.hotmail.com');
REM INSERTING into TEST_USER.CONTAINS
SET DEFINE OFF;
Insert into TEST_USER.CONTAINS (BASKETID,ISBN,NUM) values ('AAA001','1001','1');
Insert into TEST_USER.CONTAINS (BASKETID,ISBN,NUM) values ('AAA001','3001','10');
Insert into TEST_USER.CONTAINS (BASKETID,ISBN,NUM) values ('AAA002','1001','1');
Insert into TEST_USER.CONTAINS (BASKETID,ISBN,NUM) values ('AAA002','3001','3');
Insert into TEST_USER.CONTAINS (BASKETID,ISBN,NUM) values ('AAA003','1002','2');
Insert into TEST_USER.CONTAINS (BASKETID,ISBN,NUM) values ('AAA003','3002','3');
Insert into TEST_USER.CONTAINS (BASKETID,ISBN,NUM) values ('AAA004','1002','2');
Insert into TEST_USER.CONTAINS (BASKETID,ISBN,NUM) values ('AAA004','3003','1');
Insert into TEST_USER.CONTAINS (BASKETID,ISBN,NUM) values ('AAA005','1003','5');
Insert into TEST_USER.CONTAINS (BASKETID,ISBN,NUM) values ('AAA005','3003','2');
Insert into TEST_USER.CONTAINS (BASKETID,ISBN,NUM) values ('AAA006','1003','1');
Insert into TEST_USER.CONTAINS (BASKETID,ISBN,NUM) values ('AAA006','3004','100');
Insert into TEST_USER.CONTAINS (BASKETID,ISBN,NUM) values ('AAA007','1004','1');
Insert into TEST_USER.CONTAINS (BASKETID,ISBN,NUM) values ('AAA007','3004','1');
Insert into TEST_USER.CONTAINS (BASKETID,ISBN,NUM) values ('AAA008','3004','1');
Insert into TEST_USER.CONTAINS (BASKETID,ISBN,NUM) values ('AAA009','1004','50');
Insert into TEST_USER.CONTAINS (BASKETID,ISBN,NUM) values ('AAA009','3005','1');
Insert into TEST_USER.CONTAINS (BASKETID,ISBN,NUM) values ('AAA010','1005','1');
Insert into TEST_USER.CONTAINS (BASKETID,ISBN,NUM) values ('AAA010','3005','1');
Insert into TEST_USER.CONTAINS (BASKETID,ISBN,NUM) values ('AAA011','3005','1');
Insert into TEST_USER.CONTAINS (BASKETID,ISBN,NUM) values ('BBB001','1005','50');
Insert into TEST_USER.CONTAINS (BASKETID,ISBN,NUM) values ('BBB001','3006','1');
Insert into TEST_USER.CONTAINS (BASKETID,ISBN,NUM) values ('BBB002','1006','1');
Insert into TEST_USER.CONTAINS (BASKETID,ISBN,NUM) values ('BBB002','3006','21');
Insert into TEST_USER.CONTAINS (BASKETID,ISBN,NUM) values ('BBB003','1006','10');
Insert into TEST_USER.CONTAINS (BASKETID,ISBN,NUM) values ('BBB003','3006','2');
Insert into TEST_USER.CONTAINS (BASKETID,ISBN,NUM) values ('BBB004','1006','50');
Insert into TEST_USER.CONTAINS (BASKETID,ISBN,NUM) values ('BBB004','3007','1');
Insert into TEST_USER.CONTAINS (BASKETID,ISBN,NUM) values ('BBB005','1007','1');
Insert into TEST_USER.CONTAINS (BASKETID,ISBN,NUM) values ('BBB005','3007','2');
Insert into TEST_USER.CONTAINS (BASKETID,ISBN,NUM) values ('BBB006','1007','10');
Insert into TEST_USER.CONTAINS (BASKETID,ISBN,NUM) values ('BBB006','3008','2');
Insert into TEST_USER.CONTAINS (BASKETID,ISBN,NUM) values ('BBB007','1007','50');
Insert into TEST_USER.CONTAINS (BASKETID,ISBN,NUM) values ('BBB007','3009','2');
Insert into TEST_USER.CONTAINS (BASKETID,ISBN,NUM) values ('BBB008','4002','1');
Insert into TEST_USER.CONTAINS (BASKETID,ISBN,NUM) values ('BBB009','1008','10');
Insert into TEST_USER.CONTAINS (BASKETID,ISBN,NUM) values ('BBB009','4003','150');
Insert into TEST_USER.CONTAINS (BASKETID,ISBN,NUM) values ('BBB010','1008','50');
Insert into TEST_USER.CONTAINS (BASKETID,ISBN,NUM) values ('BBB010','4004','1');
Insert into TEST_USER.CONTAINS (BASKETID,ISBN,NUM) values ('CCC001','1009','1');
Insert into TEST_USER.CONTAINS (BASKETID,ISBN,NUM) values ('CCC001','4005','1');
Insert into TEST_USER.CONTAINS (BASKETID,ISBN,NUM) values ('CCC002','1004','10');
Insert into TEST_USER.CONTAINS (BASKETID,ISBN,NUM) values ('CCC002','1005','10');
Insert into TEST_USER.CONTAINS (BASKETID,ISBN,NUM) values ('CCC002','1008','1');
Insert into TEST_USER.CONTAINS (BASKETID,ISBN,NUM) values ('CCC002','1009','10');
Insert into TEST_USER.CONTAINS (BASKETID,ISBN,NUM) values ('CCC002','4006','1');
Insert into TEST_USER.CONTAINS (BASKETID,ISBN,NUM) values ('CCC003','1009','50');
Insert into TEST_USER.CONTAINS (BASKETID,ISBN,NUM) values ('CCC003','4007','2');
Insert into TEST_USER.CONTAINS (BASKETID,ISBN,NUM) values ('CCC004','2001','5');
Insert into TEST_USER.CONTAINS (BASKETID,ISBN,NUM) values ('CCC004','4007','1');
Insert into TEST_USER.CONTAINS (BASKETID,ISBN,NUM) values ('CCC005','2001','1');
Insert into TEST_USER.CONTAINS (BASKETID,ISBN,NUM) values ('CCC005','4008','3');
Insert into TEST_USER.CONTAINS (BASKETID,ISBN,NUM) values ('CCC006','2002','10');
Insert into TEST_USER.CONTAINS (BASKETID,ISBN,NUM) values ('CCC006','4008','1');
Insert into TEST_USER.CONTAINS (BASKETID,ISBN,NUM) values ('CCC007','2002','100');
Insert into TEST_USER.CONTAINS (BASKETID,ISBN,NUM) values ('CCC007','4009','1');
Insert into TEST_USER.CONTAINS (BASKETID,ISBN,NUM) values ('CCC008','2003','500');
Insert into TEST_USER.CONTAINS (BASKETID,ISBN,NUM) values ('CCC008','4009','100');
Insert into TEST_USER.CONTAINS (BASKETID,ISBN,NUM) values ('CCC009','2003','10');
Insert into TEST_USER.CONTAINS (BASKETID,ISBN,NUM) values ('CCC009','4009','1');
Insert into TEST_USER.CONTAINS (BASKETID,ISBN,NUM) values ('CCC010','2004','1');
Insert into TEST_USER.CONTAINS (BASKETID,ISBN,NUM) values ('CCC010','2005','1');
Insert into TEST_USER.CONTAINS (BASKETID,ISBN,NUM) values ('DDD001','2004','1');
Insert into TEST_USER.CONTAINS (BASKETID,ISBN,NUM) values ('DDD001','1001','1');
Insert into TEST_USER.CONTAINS (BASKETID,ISBN,NUM) values ('DDD002','2004','5');
Insert into TEST_USER.CONTAINS (BASKETID,ISBN,NUM) values ('DDD002','1008','5');
Insert into TEST_USER.CONTAINS (BASKETID,ISBN,NUM) values ('DDD003','2005','1');
Insert into TEST_USER.CONTAINS (BASKETID,ISBN,NUM) values ('DDD003','1008','1');
Insert into TEST_USER.CONTAINS (BASKETID,ISBN,NUM) values ('DDD004','2005','1');
Insert into TEST_USER.CONTAINS (BASKETID,ISBN,NUM) values ('DDD004','5001','3');
Insert into TEST_USER.CONTAINS (BASKETID,ISBN,NUM) values ('DDD005','2005','1');
Insert into TEST_USER.CONTAINS (BASKETID,ISBN,NUM) values ('DDD005','4009','2');
Insert into TEST_USER.CONTAINS (BASKETID,ISBN,NUM) values ('DDD006','2005','5');
Insert into TEST_USER.CONTAINS (BASKETID,ISBN,NUM) values ('DDD006','5001','1');
Insert into TEST_USER.CONTAINS (BASKETID,ISBN,NUM) values ('DDD007','2006','1');
Insert into TEST_USER.CONTAINS (BASKETID,ISBN,NUM) values ('DDD007','5002','1');
Insert into TEST_USER.CONTAINS (BASKETID,ISBN,NUM) values ('DDD008','2006','1');
Insert into TEST_USER.CONTAINS (BASKETID,ISBN,NUM) values ('DDD008','5002','1');
Insert into TEST_USER.CONTAINS (BASKETID,ISBN,NUM) values ('DDD009','2006','1');
Insert into TEST_USER.CONTAINS (BASKETID,ISBN,NUM) values ('DDD009','5003','1');
Insert into TEST_USER.CONTAINS (BASKETID,ISBN,NUM) values ('DDD010','2006','5');
Insert into TEST_USER.CONTAINS (BASKETID,ISBN,NUM) values ('EEE001','2007','1');
Insert into TEST_USER.CONTAINS (BASKETID,ISBN,NUM) values ('EEE002','2007','1');
Insert into TEST_USER.CONTAINS (BASKETID,ISBN,NUM) values ('EEE003','2007','25');
Insert into TEST_USER.CONTAINS (BASKETID,ISBN,NUM) values ('EEE004','2007','1');
Insert into TEST_USER.CONTAINS (BASKETID,ISBN,NUM) values ('EEE005','2007','5');
Insert into TEST_USER.CONTAINS (BASKETID,ISBN,NUM) values ('EEE006','2008','1');
Insert into TEST_USER.CONTAINS (BASKETID,ISBN,NUM) values ('EEE007','2008','1');
Insert into TEST_USER.CONTAINS (BASKETID,ISBN,NUM) values ('EEE008','2008','3');
Insert into TEST_USER.CONTAINS (BASKETID,ISBN,NUM) values ('EEE009','2008','1');
Insert into TEST_USER.CONTAINS (BASKETID,ISBN,NUM) values ('EEE010','2008','5');
Insert into TEST_USER.CONTAINS (BASKETID,ISBN,NUM) values ('FFF001','2009','1');
Insert into TEST_USER.CONTAINS (BASKETID,ISBN,NUM) values ('FFF002','2009','1');
Insert into TEST_USER.CONTAINS (BASKETID,ISBN,NUM) values ('FFF003','2009','3');
Insert into TEST_USER.CONTAINS (BASKETID,ISBN,NUM) values ('FFF004','2009','1');
Insert into TEST_USER.CONTAINS (BASKETID,ISBN,NUM) values ('FFF005','2009','1');
Insert into TEST_USER.CONTAINS (BASKETID,ISBN,NUM) values ('FFF006','2009','5');
Insert into TEST_USER.CONTAINS (BASKETID,ISBN,NUM) values ('FFF007','3001','1');
Insert into TEST_USER.CONTAINS (BASKETID,ISBN,NUM) values ('FFF008','3001','5');
Insert into TEST_USER.CONTAINS (BASKETID,ISBN,NUM) values ('OOO1','6001','5');
Insert into TEST_USER.CONTAINS (BASKETID,ISBN,NUM) values ('OOO2','6002','15');
Insert into TEST_USER.CONTAINS (BASKETID,ISBN,NUM) values ('OOO3','6003','20');
Insert into TEST_USER.CONTAINS (BASKETID,ISBN,NUM) values ('OOO4','6004','5');
Insert into TEST_USER.CONTAINS (BASKETID,ISBN,NUM) values ('OOO5','6005','1');
Insert into TEST_USER.CONTAINS (BASKETID,ISBN,NUM) values ('OOO6','6006','3');
Insert into TEST_USER.CONTAINS (BASKETID,ISBN,NUM) values ('OOO7','7001','50');
Insert into TEST_USER.CONTAINS (BASKETID,ISBN,NUM) values ('OOO8','7002','100');
Insert into TEST_USER.CONTAINS (BASKETID,ISBN,NUM) values ('OOO9','7003','5');
Insert into TEST_USER.CONTAINS (BASKETID,ISBN,NUM) values ('OO10','7004','15');
REM INSERTING into TEST_USER.SHOPPING_BASKET
SET DEFINE OFF;
Insert into TEST_USER.SHOPPING_BASKET (BASKETID) values ('AAA001');
Insert into TEST_USER.SHOPPING_BASKET (BASKETID) values ('AAA002');
Insert into TEST_USER.SHOPPING_BASKET (BASKETID) values ('AAA003');
Insert into TEST_USER.SHOPPING_BASKET (BASKETID) values ('AAA004');
Insert into TEST_USER.SHOPPING_BASKET (BASKETID) values ('AAA005');
Insert into TEST_USER.SHOPPING_BASKET (BASKETID) values ('AAA006');
Insert into TEST_USER.SHOPPING_BASKET (BASKETID) values ('AAA007');
Insert into TEST_USER.SHOPPING_BASKET (BASKETID) values ('AAA008');
Insert into TEST_USER.SHOPPING_BASKET (BASKETID) values ('AAA009');
Insert into TEST_USER.SHOPPING_BASKET (BASKETID) values ('AAA010');
Insert into TEST_USER.SHOPPING_BASKET (BASKETID) values ('AAA011');
Insert into TEST_USER.SHOPPING_BASKET (BASKETID) values ('BBB001');
Insert into TEST_USER.SHOPPING_BASKET (BASKETID) values ('BBB002');
Insert into TEST_USER.SHOPPING_BASKET (BASKETID) values ('BBB003');
Insert into TEST_USER.SHOPPING_BASKET (BASKETID) values ('BBB004');
Insert into TEST_USER.SHOPPING_BASKET (BASKETID) values ('BBB005');
Insert into TEST_USER.SHOPPING_BASKET (BASKETID) values ('BBB006');
Insert into TEST_USER.SHOPPING_BASKET (BASKETID) values ('BBB007');
Insert into TEST_USER.SHOPPING_BASKET (BASKETID) values ('BBB008');
Insert into TEST_USER.SHOPPING_BASKET (BASKETID) values ('BBB009');
Insert into TEST_USER.SHOPPING_BASKET (BASKETID) values ('BBB010');
Insert into TEST_USER.SHOPPING_BASKET (BASKETID) values ('CCC001');
Insert into TEST_USER.SHOPPING_BASKET (BASKETID) values ('CCC002');
Insert into TEST_USER.SHOPPING_BASKET (BASKETID) values ('CCC003');
Insert into TEST_USER.SHOPPING_BASKET (BASKETID) values ('CCC004');
Insert into TEST_USER.SHOPPING_BASKET (BASKETID) values ('CCC005');
Insert into TEST_USER.SHOPPING_BASKET (BASKETID) values ('CCC006');
Insert into TEST_USER.SHOPPING_BASKET (BASKETID) values ('CCC007');
Insert into TEST_USER.SHOPPING_BASKET (BASKETID) values ('CCC008');
Insert into TEST_USER.SHOPPING_BASKET (BASKETID) values ('CCC009');
Insert into TEST_USER.SHOPPING_BASKET (BASKETID) values ('CCC010');
Insert into TEST_USER.SHOPPING_BASKET (BASKETID) values ('DDD001');
Insert into TEST_USER.SHOPPING_BASKET (BASKETID) values ('DDD002');
Insert into TEST_USER.SHOPPING_BASKET (BASKETID) values ('DDD003');
Insert into TEST_USER.SHOPPING_BASKET (BASKETID) values ('DDD004');
Insert into TEST_USER.SHOPPING_BASKET (BASKETID) values ('DDD005');
Insert into TEST_USER.SHOPPING_BASKET (BASKETID) values ('DDD006');
Insert into TEST_USER.SHOPPING_BASKET (BASKETID) values ('DDD007');
Insert into TEST_USER.SHOPPING_BASKET (BASKETID) values ('DDD008');
Insert into TEST_USER.SHOPPING_BASKET (BASKETID) values ('DDD009');
Insert into TEST_USER.SHOPPING_BASKET (BASKETID) values ('DDD010');
Insert into TEST_USER.SHOPPING_BASKET (BASKETID) values ('EEE001');
Insert into TEST_USER.SHOPPING_BASKET (BASKETID) values ('EEE002');
Insert into TEST_USER.SHOPPING_BASKET (BASKETID) values ('EEE003');
Insert into TEST_USER.SHOPPING_BASKET (BASKETID) values ('EEE004');
Insert into TEST_USER.SHOPPING_BASKET (BASKETID) values ('EEE005');
Insert into TEST_USER.SHOPPING_BASKET (BASKETID) values ('EEE006');
Insert into TEST_USER.SHOPPING_BASKET (BASKETID) values ('EEE007');
Insert into TEST_USER.SHOPPING_BASKET (BASKETID) values ('EEE008');
Insert into TEST_USER.SHOPPING_BASKET (BASKETID) values ('EEE009');
Insert into TEST_USER.SHOPPING_BASKET (BASKETID) values ('EEE010');
Insert into TEST_USER.SHOPPING_BASKET (BASKETID) values ('FFF001');
Insert into TEST_USER.SHOPPING_BASKET (BASKETID) values ('FFF002');
Insert into TEST_USER.SHOPPING_BASKET (BASKETID) values ('FFF003');
Insert into TEST_USER.SHOPPING_BASKET (BASKETID) values ('FFF004');
Insert into TEST_USER.SHOPPING_BASKET (BASKETID) values ('FFF005');
Insert into TEST_USER.SHOPPING_BASKET (BASKETID) values ('FFF006');
Insert into TEST_USER.SHOPPING_BASKET (BASKETID) values ('FFF007');
Insert into TEST_USER.SHOPPING_BASKET (BASKETID) values ('FFF008');
Insert into TEST_USER.SHOPPING_BASKET (BASKETID) values ('OO10');
Insert into TEST_USER.SHOPPING_BASKET (BASKETID) values ('OOO1');
Insert into TEST_USER.SHOPPING_BASKET (BASKETID) values ('OOO2');
Insert into TEST_USER.SHOPPING_BASKET (BASKETID) values ('OOO3');
Insert into TEST_USER.SHOPPING_BASKET (BASKETID) values ('OOO4');
Insert into TEST_USER.SHOPPING_BASKET (BASKETID) values ('OOO5');
Insert into TEST_USER.SHOPPING_BASKET (BASKETID) values ('OOO6');
Insert into TEST_USER.SHOPPING_BASKET (BASKETID) values ('OOO7');
Insert into TEST_USER.SHOPPING_BASKET (BASKETID) values ('OOO8');
Insert into TEST_USER.SHOPPING_BASKET (BASKETID) values ('OOO9');
REM INSERTING into TEST_USER.CUSTOMER
SET DEFINE OFF;
Insert into TEST_USER.CUSTOMER (EMAIL,NAME,ADDRESS,PHONE) values ('thswave@naver.com','Bill Gates','NewYork 454-6','010 1111 1234');
Insert into TEST_USER.CUSTOMER (EMAIL,NAME,ADDRESS,PHONE) values ('jchun@mju.ac.kr','Kim sang sik','Yong In 223-5','031 650 6255');
Insert into TEST_USER.CUSTOMER (EMAIL,NAME,ADDRESS,PHONE) values ('lovebaik@mju.ac.kr','Park Ji Sung','Manchester 458-8','054 553 5109');
Insert into TEST_USER.CUSTOMER (EMAIL,NAME,ADDRESS,PHONE) values ('killer@mju.ac.kr','kim yu na ','Deagu 125-7','032 200 6068');
Insert into TEST_USER.CUSTOMER (EMAIL,NAME,ADDRESS,PHONE) values ('60051234@mju.ac.kr','Sunny','Incheon 789-55','060 218 1000');
Insert into TEST_USER.CUSTOMER (EMAIL,NAME,ADDRESS,PHONE) values ('ASDF@mju.ac.kr','Jessica','Jumchon 578-87','070 118 4898');
Insert into TEST_USER.CUSTOMER (EMAIL,NAME,ADDRESS,PHONE) values ('mju@gmail.com','Jaemyung Lee','sangji 578-87','080 656 6848');
Insert into TEST_USER.CUSTOMER (EMAIL,NAME,ADDRESS,PHONE) values ('bill@hotmail.com','Su hyun','SuWon 256-44','011 5687 5987');
Insert into TEST_USER.CUSTOMER (EMAIL,NAME,ADDRESS,PHONE) values ('UN@mju.ac.kr','Cristal','SungNam 128-77','010 6843 8786');
Insert into TEST_USER.CUSTOMER (EMAIL,NAME,ADDRESS,PHONE) values ('Drop@mju.ac.kr','G Dragon','JinJu 128-8','010 7298 5726');
Insert into TEST_USER.CUSTOMER (EMAIL,NAME,ADDRESS,PHONE) values ('President@mju.ac.kr','kim Dok do','Dokdo 1-1','010 2587 9842');
Insert into TEST_USER.CUSTOMER (EMAIL,NAME,ADDRESS,PHONE) values ('as123@naver.com','Ashley','NewYork 321-4','010 1231 1234');
Insert into TEST_USER.CUSTOMER (EMAIL,NAME,ADDRESS,PHONE) values ('cah987@naver.com','Charlotte','Yong In 213-4','031 6545 6255');
Insert into TEST_USER.CUSTOMER (EMAIL,NAME,ADDRESS,PHONE) values ('chl123@naver.com','Chloe','Manchester 123-8','054 345 5100');
Insert into TEST_USER.CUSTOMER (EMAIL,NAME,ADDRESS,PHONE) values ('ell123@naver.com','Ellie','Deagu 456-7','032 100 4953');
Insert into TEST_USER.CUSTOMER (EMAIL,NAME,ADDRESS,PHONE) values ('elz123@naver.com','Eliza','Incheon 845-0','060 325 1006');
Insert into TEST_USER.CUSTOMER (EMAIL,NAME,ADDRESS,PHONE) values ('emma123@naver.com','Emma','Jumchon 244-89','070 453 3453');
Insert into TEST_USER.CUSTOMER (EMAIL,NAME,ADDRESS,PHONE) values ('isb123@naver.com','Isabella','sangji 8945-345','080 435 6823');
Insert into TEST_USER.CUSTOMER (EMAIL,NAME,ADDRESS,PHONE) values ('kat123@naver.com','Katie','SuWon 2343-23','011 3687 5447');
Insert into TEST_USER.CUSTOMER (EMAIL,NAME,ADDRESS,PHONE) values ('jucy456@naver.com','Lucy','SungNam 342-90','010 1143 8722');
Insert into TEST_USER.CUSTOMER (EMAIL,NAME,ADDRESS,PHONE) values ('ma345@mju.ac.kr','Madison','JinJu 898-23','010 7233 5666');
Insert into TEST_USER.CUSTOMER (EMAIL,NAME,ADDRESS,PHONE) values ('sama789@mju.ac.kr','Samantha','Dokdo 2342-2','010 2337 9452');
Insert into TEST_USER.CUSTOMER (EMAIL,NAME,ADDRESS,PHONE) values ('sarah456@mju.ac.kr','Sarah','hanam 8758-4','010 1341 4433');
Insert into TEST_USER.CUSTOMER (EMAIL,NAME,ADDRESS,PHONE) values ('sop123@mju.ac.kr','Sophie','NewYork 234-98','031 666 2255');
Insert into TEST_USER.CUSTOMER (EMAIL,NAME,ADDRESS,PHONE) values ('kell09809@mju.ac.kr','Kelly','Yong In 9893-2','054 590 8609');
Insert into TEST_USER.CUSTOMER (EMAIL,NAME,ADDRESS,PHONE) values ('sall219837@mju.ac.kr','Sally','Manchester 24-432','032 222 6000');
Insert into TEST_USER.CUSTOMER (EMAIL,NAME,ADDRESS,PHONE) values ('rack2193@mju.ac.kr','Rachel','Deagu 8797-0','060 228 1828');
Insert into TEST_USER.CUSTOMER (EMAIL,NAME,ADDRESS,PHONE) values ('whit987@mju.ac.kr','Whitney','Incheon 453-234','070 118 4844');
Insert into TEST_USER.CUSTOMER (EMAIL,NAME,ADDRESS,PHONE) values ('mell234@mju.ac.kr','Melissa','Jumchon 324-342','080 634 6866');
Insert into TEST_USER.CUSTOMER (EMAIL,NAME,ADDRESS,PHONE) values ('rebe987@mju.ac.kr','Rebecca','sangji 789-1','011 3487 7787');
Insert into TEST_USER.CUSTOMER (EMAIL,NAME,ADDRESS,PHONE) values ('niki987@mju.ac.kr','Nikita','SuWon 8974-3','010 6663 8734');
Insert into TEST_USER.CUSTOMER (EMAIL,NAME,ADDRESS,PHONE) values ('emily123@mju.ac.kr','Emily','SungNam 234-1','010 7778 0026');
Insert into TEST_USER.CUSTOMER (EMAIL,NAME,ADDRESS,PHONE) values ('anna098@mju.ac.kr','Anna','JinJu 342-90','010 2337 4365');
Insert into TEST_USER.CUSTOMER (EMAIL,NAME,ADDRESS,PHONE) values ('vict78@mju.ac.kr','Victoria','Dokdo 453-213','010 1221 1200');
Insert into TEST_USER.CUSTOMER (EMAIL,NAME,ADDRESS,PHONE) values ('an987@hotmail.com','Angela','hanam 343-56','031 633 6895');
Insert into TEST_USER.CUSTOMER (EMAIL,NAME,ADDRESS,PHONE) values ('kat432@hotmail.com','Katrina','NewYork 2543-01','054 123 5909');
Insert into TEST_USER.CUSTOMER (EMAIL,NAME,ADDRESS,PHONE) values ('jasn68@hotmail.com','Jasmin','Yong In 895-78','032 120 6099');
Insert into TEST_USER.CUSTOMER (EMAIL,NAME,ADDRESS,PHONE) values ('mich90@hotmail.com','Michelle','Manchester 843-34','060 448 1220');
Insert into TEST_USER.CUSTOMER (EMAIL,NAME,ADDRESS,PHONE) values ('dana@hotmail.com','Dana','Deagu 945-34','070 208 4008');
Insert into TEST_USER.CUSTOMER (EMAIL,NAME,ADDRESS,PHONE) values ('julia43@hotmail.com','Julia','Incheon 394-2','080 126 0048');
Insert into TEST_USER.CUSTOMER (EMAIL,NAME,ADDRESS,PHONE) values ('yereel@hotmail.com','Yereel','Jumchon 434-5','011 8887 0087');
Insert into TEST_USER.CUSTOMER (EMAIL,NAME,ADDRESS,PHONE) values ('yesica@hotmail.com','Yesica','sangji 944-3','010 4443 1286');
Insert into TEST_USER.CUSTOMER (EMAIL,NAME,ADDRESS,PHONE) values ('erdk@hotmail.com','Erica','SuWon 324-5','010 6698 5006');
Insert into TEST_USER.CUSTOMER (EMAIL,NAME,ADDRESS,PHONE) values ('dskfj@hotmail.com','Raye','SungNam 234-34','010 3387 9942');
Insert into TEST_USER.CUSTOMER (EMAIL,NAME,ADDRESS,PHONE) values ('hilda56@hotmail.com','Hilda','JinJu 984-34','010 1001 1994');
Insert into TEST_USER.CUSTOMER (EMAIL,NAME,ADDRESS,PHONE) values ('zoe123@hotmail.com','Zoe','Dokdo 564-34','031 220 6655');
Insert into TEST_USER.CUSTOMER (EMAIL,NAME,ADDRESS,PHONE) values ('setll88@hotmail.com','Stella','hanam 2454-4','054 333 0109');
Insert into TEST_USER.CUSTOMER (EMAIL,NAME,ADDRESS,PHONE) values ('vavril@hotmail.com','Avril','NewYork 856-3','032 440 1068');
Insert into TEST_USER.CUSTOMER (EMAIL,NAME,ADDRESS,PHONE) values ('ilrel4@hotmail.com','Iris','Yong In 453-34','060 200 2222');
Insert into TEST_USER.CUSTOMER (EMAIL,NAME,ADDRESS,PHONE) values ('dais@hotmail.com','Daisy','Manchester 5432-3','070 338 1198');
Insert into TEST_USER.CUSTOMER (EMAIL,NAME,ADDRESS,PHONE) values ('amdr43@gmail.com','Ameber','Deagu 342-34','080 556 6768');
Insert into TEST_USER.CUSTOMER (EMAIL,NAME,ADDRESS,PHONE) values ('anna887@gmail.com','Anna','Incheon 244-45','011 5007 5997');
Insert into TEST_USER.CUSTOMER (EMAIL,NAME,ADDRESS,PHONE) values ('andra4@gmail.com','Andrea','Jumchon 546-34','010 6113 8666');
Insert into TEST_USER.CUSTOMER (EMAIL,NAME,ADDRESS,PHONE) values ('vivian12@gmail.com','Vivian','sangji 2450-3','010 7998 3326');
Insert into TEST_USER.CUSTOMER (EMAIL,NAME,ADDRESS,PHONE) values ('mano00@gmail.com','Monica','SuWon 657-45','010 2007 6642');
Insert into TEST_USER.CUSTOMER (EMAIL,NAME,ADDRESS,PHONE) values ('mad87@gmail.com','Madalyn','SungNam 564-43','010 7743 0086');
Insert into TEST_USER.CUSTOMER (EMAIL,NAME,ADDRESS,PHONE) values ('andra33@gmail.com','Andrea','JinJu 564-43','010 4498 0026');
Insert into TEST_USER.CUSTOMER (EMAIL,NAME,ADDRESS,PHONE) values ('chole@gmail.com','Chole','Dokdo 7654-34','010 2243 8666');
Insert into TEST_USER.CUSTOMER (EMAIL,NAME,ADDRESS,PHONE) values ('martina77@gmail.com','Martina','hanam 1054-103','010 1818 1818');
Insert into TEST_USER.CUSTOMER (EMAIL,NAME,ADDRESS,PHONE) values ('60191687@mju.ac.kr','Jelly','서울 서대문구 123-11','010 1111 1111');
Insert into TEST_USER.CUSTOMER (EMAIL,NAME,ADDRESS,PHONE) values ('60191688@mju.ac.kr','Jelly','서울 서대문구 123-12','010 1111 2222');
Insert into TEST_USER.CUSTOMER (EMAIL,NAME,ADDRESS,PHONE) values ('60191689@mju.ac.kr','Jelly','서울 서대문구 123-13','010 1111 3333');
Insert into TEST_USER.CUSTOMER (EMAIL,NAME,ADDRESS,PHONE) values ('60191690@mju.ac.kr','Jelly','서울 서대문구 123-14','010 1111 4444');
Insert into TEST_USER.CUSTOMER (EMAIL,NAME,ADDRESS,PHONE) values ('60191691@mju.ac.kr','Jelly','서울 서대문구 123-15','010 1111 5555');
Insert into TEST_USER.CUSTOMER (EMAIL,NAME,ADDRESS,PHONE) values ('60191692@mju.ac.kr','Jelly','서울 서대문구 123-17','010 1111 7777');
Insert into TEST_USER.CUSTOMER (EMAIL,NAME,ADDRESS,PHONE) values ('60191693@mju.ac.kr','Jelly','서울 서대문구 123-18','010 1111 8888');
Insert into TEST_USER.CUSTOMER (EMAIL,NAME,ADDRESS,PHONE) values ('60191694@mju.ac.kr','Jelly','서울 서대문구 123-19','010 1111 9999');
Insert into TEST_USER.CUSTOMER (EMAIL,NAME,ADDRESS,PHONE) values ('60191695@mju.ac.kr','Jelly','서울 서대문구 123-20','010 2222 1111');
Insert into TEST_USER.CUSTOMER (EMAIL,NAME,ADDRESS,PHONE) values ('60191686@mju.ac.kr','Jelly','서울 서대문구 123-21','010 2222 2222');
Insert into TEST_USER.CUSTOMER (EMAIL,NAME,ADDRESS,PHONE) values ('60191696@mju.ac.kr','Jelly','서울 서대문구 123-21','010 2222 2222');
REM INSERTING into TEST_USER.BOOK
SET DEFINE OFF;
Insert into TEST_USER.BOOK (ISBN,TITLE,YEAR,PRICE) values ('1005','전종훈교수님의 강의비법','2001','9000');
Insert into TEST_USER.BOOK (ISBN,TITLE,YEAR,PRICE) values ('1006','창원씨 사랑해요','2010','10000');
Insert into TEST_USER.BOOK (ISBN,TITLE,YEAR,PRICE) values ('1007','데이터 베이스의 모든것','2002','5000');
Insert into TEST_USER.BOOK (ISBN,TITLE,YEAR,PRICE) values ('1008','수업시간에 졸지 말자','2017','10000');
Insert into TEST_USER.BOOK (ISBN,TITLE,YEAR,PRICE) values ('1009','수업시간에 집중 하자','2017','5000');
Insert into TEST_USER.BOOK (ISBN,TITLE,YEAR,PRICE) values ('1010','수업시간에 공부 하자','2017','8000');
Insert into TEST_USER.BOOK (ISBN,TITLE,YEAR,PRICE) values ('2001','C++ programming','2006','8000');
Insert into TEST_USER.BOOK (ISBN,TITLE,YEAR,PRICE) values ('2002','Phone book','2010','5000');
Insert into TEST_USER.BOOK (ISBN,TITLE,YEAR,PRICE) values ('2003','Little Prince','2000','10000');
Insert into TEST_USER.BOOK (ISBN,TITLE,YEAR,PRICE) values ('2004','알고리즘','2010','5000');
Insert into TEST_USER.BOOK (ISBN,TITLE,YEAR,PRICE) values ('2005','나는 자바를 몰라','2000','10000');
Insert into TEST_USER.BOOK (ISBN,TITLE,YEAR,PRICE) values ('2006','데이터베이스를 잘좀하자','2010','35000');
Insert into TEST_USER.BOOK (ISBN,TITLE,YEAR,PRICE) values ('2007','컨닝하는 사람 잡는 방법','2002','50000');
Insert into TEST_USER.BOOK (ISBN,TITLE,YEAR,PRICE) values ('2008','루비 온 레일즈','2001','9000');
Insert into TEST_USER.BOOK (ISBN,TITLE,YEAR,PRICE) values ('2009','4개의 통장','2000','10000');
Insert into TEST_USER.BOOK (ISBN,TITLE,YEAR,PRICE) values ('3001','XML','2002','5000');
Insert into TEST_USER.BOOK (ISBN,TITLE,YEAR,PRICE) values ('3002','Internet Programming','2014','10000');
Insert into TEST_USER.BOOK (ISBN,TITLE,YEAR,PRICE) values ('3003','청춘의 덫','2001','9000');
Insert into TEST_USER.BOOK (ISBN,TITLE,YEAR,PRICE) values ('3004','상실의 시대','2001','5000');
Insert into TEST_USER.BOOK (ISBN,TITLE,YEAR,PRICE) values ('3005','레몬','2002','8000');
Insert into TEST_USER.BOOK (ISBN,TITLE,YEAR,PRICE) values ('3006','밀실 살인사건','2014','5000');
Insert into TEST_USER.BOOK (ISBN,TITLE,YEAR,PRICE) values ('3007','JSP','2004','10000');
Insert into TEST_USER.BOOK (ISBN,TITLE,YEAR,PRICE) values ('3008','루비온 레일즈','2005','5000');
Insert into TEST_USER.BOOK (ISBN,TITLE,YEAR,PRICE) values ('3009','레일즈 웨이 3','2006','10000');
Insert into TEST_USER.BOOK (ISBN,TITLE,YEAR,PRICE) values ('4001','아침형 인간이 되자','2002','50000');
Insert into TEST_USER.BOOK (ISBN,TITLE,YEAR,PRICE) values ('4002','과제 잘하는 방법','2007','9000');
Insert into TEST_USER.BOOK (ISBN,TITLE,YEAR,PRICE) values ('4003','레포트 잘쓰는 법','2008','50000');
Insert into TEST_USER.BOOK (ISBN,TITLE,YEAR,PRICE) values ('4004','명지대 들어가는 법','2009','35000');
Insert into TEST_USER.BOOK (ISBN,TITLE,YEAR,PRICE) values ('4005','코딩 인터뷰','2010','10000');
Insert into TEST_USER.BOOK (ISBN,TITLE,YEAR,PRICE) values ('4006','플렉스','2000','5000');
Insert into TEST_USER.BOOK (ISBN,TITLE,YEAR,PRICE) values ('4007','오라클 마스터','2001','8000');
Insert into TEST_USER.BOOK (ISBN,TITLE,YEAR,PRICE) values ('4008','치즈인더 트랩','2002','5000');
Insert into TEST_USER.BOOK (ISBN,TITLE,YEAR,PRICE) values ('4009','웹로직','2003','10000');
Insert into TEST_USER.BOOK (ISBN,TITLE,YEAR,PRICE) values ('5001','Node.js','2004','5000');
Insert into TEST_USER.BOOK (ISBN,TITLE,YEAR,PRICE) values ('5002','솔로탈출 비법','2005','10000');
Insert into TEST_USER.BOOK (ISBN,TITLE,YEAR,PRICE) values ('5003','이성에게 어필하는 방법','2006','9000');
Insert into TEST_USER.BOOK (ISBN,TITLE,YEAR,PRICE) values ('1001','Database system concepts','2010','35000');
Insert into TEST_USER.BOOK (ISBN,TITLE,YEAR,PRICE) values ('1002','Harry potter','2000','10000');
Insert into TEST_USER.BOOK (ISBN,TITLE,YEAR,PRICE) values ('1003','C programming','2010','5000');
Insert into TEST_USER.BOOK (ISBN,TITLE,YEAR,PRICE) values ('1004','아프니까 청춘이다','2002','50000');
Insert into TEST_USER.BOOK (ISBN,TITLE,YEAR,PRICE) values ('6001','떡볶이 먹고 싶다','2020','45000');
Insert into TEST_USER.BOOK (ISBN,TITLE,YEAR,PRICE) values ('6003','세계여행, 맛집투어','2020','50000');
Insert into TEST_USER.BOOK (ISBN,TITLE,YEAR,PRICE) values ('6002','휘낭시에 레시피북','2019','30000');
Insert into TEST_USER.BOOK (ISBN,TITLE,YEAR,PRICE) values ('6004','사랑일기','2020','42000');
Insert into TEST_USER.BOOK (ISBN,TITLE,YEAR,PRICE) values ('6005','너만 보인단 말이야','2010','35000');
Insert into TEST_USER.BOOK (ISBN,TITLE,YEAR,PRICE) values ('6006','나 너 좋아하냐','2018','15000');
Insert into TEST_USER.BOOK (ISBN,TITLE,YEAR,PRICE) values ('7001','한눈에 보는 머신러닝','2020','48000');
Insert into TEST_USER.BOOK (ISBN,TITLE,YEAR,PRICE) values ('7002','한눈에 보는 데이터베이스','2020','48000');
Insert into TEST_USER.BOOK (ISBN,TITLE,YEAR,PRICE) values ('7003','한눈에 보는 파이썬','2020','48000');
Insert into TEST_USER.BOOK (ISBN,TITLE,YEAR,PRICE) values ('7004','한눈에 보는 빅데이터','2020','30000');
