--------------------------------------------------------
--  파일이 생성됨 - 월요일-11월-14-2022   
--------------------------------------------------------
REM INSERTING into TEST_USER.STUDENT
SET DEFINE OFF;
Insert into TEST_USER.STUDENT (SNO,PNO,SNAME,YEAR,DEPT) values (2321,1127,'Michael Jordan ','4.0','CE');
Insert into TEST_USER.STUDENT (SNO,PNO,SNAME,YEAR,DEPT) values (2333,1243,'Sienna Miller','3.0','CE');
Insert into TEST_USER.STUDENT (SNO,PNO,SNAME,YEAR,DEPT) values (2344,1534,'Cristiano Ronaldo','2.0','CE');
Insert into TEST_USER.STUDENT (SNO,PNO,SNAME,YEAR,DEPT) values (2373,1534,'Lionel Messi','1.0','CE');
Insert into TEST_USER.STUDENT (SNO,PNO,SNAME,YEAR,DEPT) values (2377,1257,'Jisung Park','3.0','IC');
Insert into TEST_USER.STUDENT (SNO,PNO,SNAME,YEAR,DEPT) values (2348,1654,'Michael Bolton','2.0','EE');
Insert into TEST_USER.STUDENT (SNO,PNO,SNAME,YEAR,DEPT) values (2388,1455,'Bon Jovi','4.0','SE');
Insert into TEST_USER.STUDENT (SNO,PNO,SNAME,YEAR,DEPT) values (2301,1101,'Lee Chung Ki','1.0','CE');
Insert into TEST_USER.STUDENT (SNO,PNO,SNAME,YEAR,DEPT) values (2302,1102,'Jonghoon Chun','2.0','CE');
Insert into TEST_USER.STUDENT (SNO,PNO,SNAME,YEAR,DEPT) values (2303,1103,'JongHyun Lim','3.0','CE');
Insert into TEST_USER.STUDENT (SNO,PNO,SNAME,YEAR,DEPT) values (2304,1104,'Adeline','4.0','CE');
Insert into TEST_USER.STUDENT (SNO,PNO,SNAME,YEAR,DEPT) values (2305,1105,'Alexandra','2.0','CE');
Insert into TEST_USER.STUDENT (SNO,PNO,SNAME,YEAR,DEPT) values (2306,1101,'Althea ','2.0','CE');
Insert into TEST_USER.STUDENT (SNO,PNO,SNAME,YEAR,DEPT) values (2307,1102,'Donna','3.0','CE');
Insert into TEST_USER.STUDENT (SNO,PNO,SNAME,YEAR,DEPT) values (2308,1103,'Darlene','1.0','CE');
Insert into TEST_USER.STUDENT (SNO,PNO,SNAME,YEAR,DEPT) values (2309,1104,'Ellen','2.0','CE');
Insert into TEST_USER.STUDENT (SNO,PNO,SNAME,YEAR,DEPT) values (2310,1105,'Janet','3.0','CE');
Insert into TEST_USER.STUDENT (SNO,PNO,SNAME,YEAR,DEPT) values (2311,1101,'Ethel ','4.0','CE');
Insert into TEST_USER.STUDENT (SNO,PNO,SNAME,YEAR,DEPT) values (2312,1801,'Henrietta ','1.0','CT');
Insert into TEST_USER.STUDENT (SNO,PNO,SNAME,YEAR,DEPT) values (2313,1802,'Genevieve ','1.0','CT');
Insert into TEST_USER.STUDENT (SNO,PNO,SNAME,YEAR,DEPT) values (2314,1803,'Glenda ','2.0','CT');
Insert into TEST_USER.STUDENT (SNO,PNO,SNAME,YEAR,DEPT) values (2315,1804,'Betty ','3.0','CT');
Insert into TEST_USER.STUDENT (SNO,PNO,SNAME,YEAR,DEPT) values (2316,1805,'Jeannette','4.0','CT');
Insert into TEST_USER.STUDENT (SNO,PNO,SNAME,YEAR,DEPT) values (2317,1201,'Dorothy','2.0','IC');
Insert into TEST_USER.STUDENT (SNO,PNO,SNAME,YEAR,DEPT) values (2318,1202,'Cassandra ','2.0','IC');
Insert into TEST_USER.STUDENT (SNO,PNO,SNAME,YEAR,DEPT) values (2319,1203,'Eve','3.0','IC');
Insert into TEST_USER.STUDENT (SNO,PNO,SNAME,YEAR,DEPT) values (2320,1204,'Brenda ','1.0','IC');
Insert into TEST_USER.STUDENT (SNO,PNO,SNAME,YEAR,DEPT) values (2322,1205,'Holly','2.0','IC');
Insert into TEST_USER.STUDENT (SNO,PNO,SNAME,YEAR,DEPT) values (2323,1205,'Charlotte','3.0','IC');
Insert into TEST_USER.STUDENT (SNO,PNO,SNAME,YEAR,DEPT) values (2324,1601,'Jenny ','4.0','EE');
Insert into TEST_USER.STUDENT (SNO,PNO,SNAME,YEAR,DEPT) values (2325,1602,'Caren','1.0','EE');
Insert into TEST_USER.STUDENT (SNO,PNO,SNAME,YEAR,DEPT) values (2326,1603,'Geraldine ','1.0','EE');
Insert into TEST_USER.STUDENT (SNO,PNO,SNAME,YEAR,DEPT) values (2327,1604,'Kelly','2.0','EE');
Insert into TEST_USER.STUDENT (SNO,PNO,SNAME,YEAR,DEPT) values (2328,1605,'Charity ','3.0','EE');
Insert into TEST_USER.STUDENT (SNO,PNO,SNAME,YEAR,DEPT) values (2329,1602,'Josephine ','4.0','EE');
Insert into TEST_USER.STUDENT (SNO,PNO,SNAME,YEAR,DEPT) values (2330,1603,'Leona ','2.0','EE');
Insert into TEST_USER.STUDENT (SNO,PNO,SNAME,YEAR,DEPT) values (2331,1604,'Marina','2.0','EE');
Insert into TEST_USER.STUDENT (SNO,PNO,SNAME,YEAR,DEPT) values (2332,1605,'Kimberly','3.0','EE');
Insert into TEST_USER.STUDENT (SNO,PNO,SNAME,YEAR,DEPT) values (2334,1401,'Lavinia ','1.0','SE');
Insert into TEST_USER.STUDENT (SNO,PNO,SNAME,YEAR,DEPT) values (2335,1402,'Madeline','2.0','SE');
Insert into TEST_USER.STUDENT (SNO,PNO,SNAME,YEAR,DEPT) values (2336,1403,'Linda','3.0','SE');
Insert into TEST_USER.STUDENT (SNO,PNO,SNAME,YEAR,DEPT) values (2337,1404,'Lora ','4.0','SE');
Insert into TEST_USER.STUDENT (SNO,PNO,SNAME,YEAR,DEPT) values (2338,1405,'Lauren','1.0','SE');
Insert into TEST_USER.STUDENT (SNO,PNO,SNAME,YEAR,DEPT) values (2339,1405,'Mary ','3.0','SE');
Insert into TEST_USER.STUDENT (SNO,PNO,SNAME,YEAR,DEPT) values (2340,1301,'Lisa ','1.0','ME');
Insert into TEST_USER.STUDENT (SNO,PNO,SNAME,YEAR,DEPT) values (2341,1302,'Muriel','2.0','ME');
Insert into TEST_USER.STUDENT (SNO,PNO,SNAME,YEAR,DEPT) values (2342,1303,'Olive','3.0','ME');
Insert into TEST_USER.STUDENT (SNO,PNO,SNAME,YEAR,DEPT) values (2343,1304,'Rose','4.0','ME');
Insert into TEST_USER.STUDENT (SNO,PNO,SNAME,YEAR,DEPT) values (2345,1305,'Waibel Alexander','1.0','ME');
Insert into TEST_USER.STUDENT (SNO,PNO,SNAME,YEAR,DEPT) values (1000,1900,'eun','4','DT');
Insert into TEST_USER.STUDENT (SNO,PNO,SNAME,YEAR,DEPT) values (1001,1900,'jenny','4','DT');
Insert into TEST_USER.STUDENT (SNO,PNO,SNAME,YEAR,DEPT) values (1002,1901,'jin','4','DT');
Insert into TEST_USER.STUDENT (SNO,PNO,SNAME,YEAR,DEPT) values (1003,1901,'alice','3','DT');
Insert into TEST_USER.STUDENT (SNO,PNO,SNAME,YEAR,DEPT) values (1007,1900,'bob','4','DT');
Insert into TEST_USER.STUDENT (SNO,PNO,SNAME,YEAR,DEPT) values (1008,1534,'ash','4','CE');
Insert into TEST_USER.STUDENT (SNO,PNO,SNAME,YEAR,DEPT) values (1009,1534,'jhon','4','CE');
Insert into TEST_USER.STUDENT (SNO,PNO,SNAME,YEAR,DEPT) values (1005,1257,'min','4','IC');
Insert into TEST_USER.STUDENT (SNO,PNO,SNAME,YEAR,DEPT) values (1006,1257,'mihee','4','IC');
Insert into TEST_USER.STUDENT (SNO,PNO,SNAME,YEAR,DEPT) values (1004,1257,'jack','4','IC');
REM INSERTING into TEST_USER.PROFESSOR
SET DEFINE OFF;
Insert into TEST_USER.PROFESSOR (PNO,PNAME,PMAJOR,PDEPT) values (1127,'Noam Chomsky','DB','CE');
Insert into TEST_USER.PROFESSOR (PNO,PNAME,PMAJOR,PDEPT) values (1243,'Sean Dillon','SE','CE');
Insert into TEST_USER.PROFESSOR (PNO,PNAME,PMAJOR,PDEPT) values (1534,'Christopher Beck','CN','CE');
Insert into TEST_USER.PROFESSOR (PNO,PNAME,PMAJOR,PDEPT) values (1756,'Thomas Kyte','PL','CS');
Insert into TEST_USER.PROFESSOR (PNO,PNAME,PMAJOR,PDEPT) values (1257,'Joel Kallman','DS','IC');
Insert into TEST_USER.PROFESSOR (PNO,PNAME,PMAJOR,PDEPT) values (1654,'Howard Rogers','AD','EE');
Insert into TEST_USER.PROFESSOR (PNO,PNAME,PMAJOR,PDEPT) values (1455,'John Doe','ME','SE');
Insert into TEST_USER.PROFESSOR (PNO,PNAME,PMAJOR,PDEPT) values (1101,'Park Young Bae','DB','CE');
Insert into TEST_USER.PROFESSOR (PNO,PNAME,PMAJOR,PDEPT) values (1102,'Yoon Byung Joo','DB','CE');
Insert into TEST_USER.PROFESSOR (PNO,PNAME,PMAJOR,PDEPT) values (1103,'Kim Sang Woon','SE','CE');
Insert into TEST_USER.PROFESSOR (PNO,PNAME,PMAJOR,PDEPT) values (1104,'Jou Wou Seok','CN','CE');
Insert into TEST_USER.PROFESSOR (PNO,PNAME,PMAJOR,PDEPT) values (1105,'Jang Hyuk Soo','CN','CE');
Insert into TEST_USER.PROFESSOR (PNO,PNAME,PMAJOR,PDEPT) values (1201,'Choi Sung Woon','IC1','IC');
Insert into TEST_USER.PROFESSOR (PNO,PNAME,PMAJOR,PDEPT) values (1202,'Hong Sug won','IC2','IC');
Insert into TEST_USER.PROFESSOR (PNO,PNAME,PMAJOR,PDEPT) values (1203,'Park Hyun Min','IC3','IC');
Insert into TEST_USER.PROFESSOR (PNO,PNAME,PMAJOR,PDEPT) values (1204,'Cho Se Hyeong','IC4','IC');
Insert into TEST_USER.PROFESSOR (PNO,PNAME,PMAJOR,PDEPT) values (1205,'Lee Kang Sun','IC5','IC');
Insert into TEST_USER.PROFESSOR (PNO,PNAME,PMAJOR,PDEPT) values (1301,'Ryu Yeon Seung','ME1','ME');
Insert into TEST_USER.PROFESSOR (PNO,PNAME,PMAJOR,PDEPT) values (1302,'Lee Myung Ho','ME2','ME');
Insert into TEST_USER.PROFESSOR (PNO,PNAME,PMAJOR,PDEPT) values (1303,'Kwon Dong Seop','ME3','ME');
Insert into TEST_USER.PROFESSOR (PNO,PNAME,PMAJOR,PDEPT) values (1304,'Kim Sang Kyun','ME4','ME');
Insert into TEST_USER.PROFESSOR (PNO,PNAME,PMAJOR,PDEPT) values (1305,'Han Seung Chul','ME5','ME');
Insert into TEST_USER.PROFESSOR (PNO,PNAME,PMAJOR,PDEPT) values (1401,'Kim Sang Kwi','SE1','SE');
Insert into TEST_USER.PROFESSOR (PNO,PNAME,PMAJOR,PDEPT) values (1402,'Shin Seong Hyo','SE2','SE');
Insert into TEST_USER.PROFESSOR (PNO,PNAME,PMAJOR,PDEPT) values (1403,'Acar Umut','SE3','SE');
Insert into TEST_USER.PROFESSOR (PNO,PNAME,PMAJOR,PDEPT) values (1404,'Adamchik Victor','SE4','SE');
Insert into TEST_USER.PROFESSOR (PNO,PNAME,PMAJOR,PDEPT) values (1405,'Fahlman Scott','SE5','SE');
Insert into TEST_USER.PROFESSOR (PNO,PNAME,PMAJOR,PDEPT) values (1501,'Carter Lynn','DB','CE');
Insert into TEST_USER.PROFESSOR (PNO,PNAME,PMAJOR,PDEPT) values (1502,'Choset Howard','DB','CE');
Insert into TEST_USER.PROFESSOR (PNO,PNAME,PMAJOR,PDEPT) values (1503,'Clarke Edmund','SE','CE');
Insert into TEST_USER.PROFESSOR (PNO,PNAME,PMAJOR,PDEPT) values (1504,'Fatahalian Kayvon','CN','CE');
Insert into TEST_USER.PROFESSOR (PNO,PNAME,PMAJOR,PDEPT) values (1505,'Cassell Justine','CN','CE');
Insert into TEST_USER.PROFESSOR (PNO,PNAME,PMAJOR,PDEPT) values (1601,'Carrasquel Jacobo','EE1','EE');
Insert into TEST_USER.PROFESSOR (PNO,PNAME,PMAJOR,PDEPT) values (1602,'Farber David','EE2','EE');
Insert into TEST_USER.PROFESSOR (PNO,PNAME,PMAJOR,PDEPT) values (1603,'Cohen William','EE3','EE');
Insert into TEST_USER.PROFESSOR (PNO,PNAME,PMAJOR,PDEPT) values (1604,'Corbett Albert','EE4','EE');
Insert into TEST_USER.PROFESSOR (PNO,PNAME,PMAJOR,PDEPT) values (1605,'Sandholm Tuomas','EE5','EE');
Insert into TEST_USER.PROFESSOR (PNO,PNAME,PMAJOR,PDEPT) values (1701,'Pfenning Frank','CS1','CS');
Insert into TEST_USER.PROFESSOR (PNO,PNAME,PMAJOR,PDEPT) values (1702,'Kass Robert','CS2','CS');
Insert into TEST_USER.PROFESSOR (PNO,PNAME,PMAJOR,PDEPT) values (1703,'Kesden Gregory','CS3','CS');
Insert into TEST_USER.PROFESSOR (PNO,PNAME,PMAJOR,PDEPT) values (1704,'Keating Thomas','CS4','CS');
Insert into TEST_USER.PROFESSOR (PNO,PNAME,PMAJOR,PDEPT) values (1705,'Scerri Paul','CS5','CS');
Insert into TEST_USER.PROFESSOR (PNO,PNAME,PMAJOR,PDEPT) values (1801,'Kittur Aniket','CT1','CT');
Insert into TEST_USER.PROFESSOR (PNO,PNAME,PMAJOR,PDEPT) values (1802,'Hebert Martial','CT2','CT');
Insert into TEST_USER.PROFESSOR (PNO,PNAME,PMAJOR,PDEPT) values (1803,'Procaccia Ariel','CT3','CT');
Insert into TEST_USER.PROFESSOR (PNO,PNAME,PMAJOR,PDEPT) values (1804,'Huber Daniel','CT4','CT');
Insert into TEST_USER.PROFESSOR (PNO,PNAME,PMAJOR,PDEPT) values (1805,'Oflazer Kemal','CT5','CT');
Insert into TEST_USER.PROFESSOR (PNO,PNAME,PMAJOR,PDEPT) values (1106,'Jonghoon Chun','DB','CE');
Insert into TEST_USER.PROFESSOR (PNO,PNAME,PMAJOR,PDEPT) values (1900,'jason','DT1','DT');
Insert into TEST_USER.PROFESSOR (PNO,PNAME,PMAJOR,PDEPT) values (1901,'soheon','DT2','DT');
Insert into TEST_USER.PROFESSOR (PNO,PNAME,PMAJOR,PDEPT) values (1902,'liam','DT3','DT');
Insert into TEST_USER.PROFESSOR (PNO,PNAME,PMAJOR,PDEPT) values (1903,'noah','DT4','DT');
Insert into TEST_USER.PROFESSOR (PNO,PNAME,PMAJOR,PDEPT) values (1904,'wiliam','CS6','CS');
Insert into TEST_USER.PROFESSOR (PNO,PNAME,PMAJOR,PDEPT) values (1905,'lucas','CS7','CS');
Insert into TEST_USER.PROFESSOR (PNO,PNAME,PMAJOR,PDEPT) values (1906,'ethan','CS8','CS');
Insert into TEST_USER.PROFESSOR (PNO,PNAME,PMAJOR,PDEPT) values (1907,'lucas','EE6','EE');
Insert into TEST_USER.PROFESSOR (PNO,PNAME,PMAJOR,PDEPT) values (1908,'julia','EE7','EE');
Insert into TEST_USER.PROFESSOR (PNO,PNAME,PMAJOR,PDEPT) values (1909,'dan','DB','CE');
Insert into TEST_USER.PROFESSOR (PNO,PNAME,PMAJOR,PDEPT) values (1910,'alex','DB','CE');
Insert into TEST_USER.PROFESSOR (PNO,PNAME,PMAJOR,PDEPT) values (1911,'jisoo','DS','IC');
REM INSERTING into TEST_USER.COURSE
SET DEFINE OFF;
Insert into TEST_USER.COURSE (CNO,CNAME,CREDIT,SESSIONS) values ('CE001','Annual Giving','1','1');
Insert into TEST_USER.COURSE (CNO,CNAME,CREDIT,SESSIONS) values ('CE002','Arabic','2','2');
Insert into TEST_USER.COURSE (CNO,CNAME,CREDIT,SESSIONS) values ('CE003','Architecture','3','1');
Insert into TEST_USER.COURSE (CNO,CNAME,CREDIT,SESSIONS) values ('CE004','Asian Languages','1','2');
Insert into TEST_USER.COURSE (CNO,CNAME,CREDIT,SESSIONS) values ('CE005','Bank Transfers','2','1');
Insert into TEST_USER.COURSE (CNO,CNAME,CREDIT,SESSIONS) values ('CE006','Biomedical Engineering','3','2');
Insert into TEST_USER.COURSE (CNO,CNAME,CREDIT,SESSIONS) values ('CE007','Building Services','1','1');
Insert into TEST_USER.COURSE (CNO,CNAME,CREDIT,SESSIONS) values ('CE008','Business School','1','1');
Insert into TEST_USER.COURSE (CNO,CNAME,CREDIT,SESSIONS) values ('CE009','Business Taxation','2','2');
Insert into TEST_USER.COURSE (CNO,CNAME,CREDIT,SESSIONS) values ('CE010','C Programming','3','1');
Insert into TEST_USER.COURSE (CNO,CNAME,CREDIT,SESSIONS) values ('CE011','chemical experiment','1','2');
Insert into TEST_USER.COURSE (CNO,CNAME,CREDIT,SESSIONS) values ('CE012','China Centre','2','1');
Insert into TEST_USER.COURSE (CNO,CNAME,CREDIT,SESSIONS) values ('CE013','Clinical Pharmacology','3','2');
Insert into TEST_USER.COURSE (CNO,CNAME,CREDIT,SESSIONS) values ('CS001','Computer Science','1','1');
Insert into TEST_USER.COURSE (CNO,CNAME,CREDIT,SESSIONS) values ('CS002','Continuing Education','2','1');
Insert into TEST_USER.COURSE (CNO,CNAME,CREDIT,SESSIONS) values ('CS003','Database','3','2');
Insert into TEST_USER.COURSE (CNO,CNAME,CREDIT,SESSIONS) values ('CS004','Distance and Online Learning','1','1');
Insert into TEST_USER.COURSE (CNO,CNAME,CREDIT,SESSIONS) values ('CS005','English Language and Literature','1','2');
Insert into TEST_USER.COURSE (CNO,CNAME,CREDIT,SESSIONS) values ('CS006','e-Research','2','1');
Insert into TEST_USER.COURSE (CNO,CNAME,CREDIT,SESSIONS) values ('CT001','European Languages','3','2');
Insert into TEST_USER.COURSE (CNO,CNAME,CREDIT,SESSIONS) values ('CT002','Executive Education Centre','2','1');
Insert into TEST_USER.COURSE (CNO,CNAME,CREDIT,SESSIONS) values ('CT003','Future of Humanity Institute','3','1');
Insert into TEST_USER.COURSE (CNO,CNAME,CREDIT,SESSIONS) values ('CT004','Geratology','1','2');
Insert into TEST_USER.COURSE (CNO,CNAME,CREDIT,SESSIONS) values ('CT005','Global Economic Governance Programme','1','1');
Insert into TEST_USER.COURSE (CNO,CNAME,CREDIT,SESSIONS) values ('EE001','Government','2','2');
Insert into TEST_USER.COURSE (CNO,CNAME,CREDIT,SESSIONS) values ('EE002','History of Art Department','3','1');
Insert into TEST_USER.COURSE (CNO,CNAME,CREDIT,SESSIONS) values ('EE003','International Development','2','2');
Insert into TEST_USER.COURSE (CNO,CNAME,CREDIT,SESSIONS) values ('EE004','Internet Institute','3','1');
Insert into TEST_USER.COURSE (CNO,CNAME,CREDIT,SESSIONS) values ('EE005','Japanese Studies','1','1');
Insert into TEST_USER.COURSE (CNO,CNAME,CREDIT,SESSIONS) values ('IC001','Java Programming','2','2');
Insert into TEST_USER.COURSE (CNO,CNAME,CREDIT,SESSIONS) values ('IC002','Materials','3','1');
Insert into TEST_USER.COURSE (CNO,CNAME,CREDIT,SESSIONS) values ('IC003','Mexican Studies','1','2');
Insert into TEST_USER.COURSE (CNO,CNAME,CREDIT,SESSIONS) values ('IC004','Oncology','1','1');
Insert into TEST_USER.COURSE (CNO,CNAME,CREDIT,SESSIONS) values ('IC005','physics experiment','2','2');
Insert into TEST_USER.COURSE (CNO,CNAME,CREDIT,SESSIONS) values ('IC006','Plant Sciences','3','1');
Insert into TEST_USER.COURSE (CNO,CNAME,CREDIT,SESSIONS) values ('ME001','Professional Development','1','1');
Insert into TEST_USER.COURSE (CNO,CNAME,CREDIT,SESSIONS) values ('ME002','Psychiatry','1','2');
Insert into TEST_USER.COURSE (CNO,CNAME,CREDIT,SESSIONS) values ('ME003','Public Policy Unit','2','1');
Insert into TEST_USER.COURSE (CNO,CNAME,CREDIT,SESSIONS) values ('ME004','Social and Cultural Anthropology','3','2');
Insert into TEST_USER.COURSE (CNO,CNAME,CREDIT,SESSIONS) values ('ME005','Sociology','1','1');
Insert into TEST_USER.COURSE (CNO,CNAME,CREDIT,SESSIONS) values ('SE001','Software Engineering','1','2');
Insert into TEST_USER.COURSE (CNO,CNAME,CREDIT,SESSIONS) values ('SE006','Theology and Religion','2','1');
Insert into TEST_USER.COURSE (CNO,CNAME,CREDIT,SESSIONS) values ('SE002','Transport Studies Unit','3','2');
Insert into TEST_USER.COURSE (CNO,CNAME,CREDIT,SESSIONS) values ('SE003','Visual Studies','2','1');
Insert into TEST_USER.COURSE (CNO,CNAME,CREDIT,SESSIONS) values ('SE004','Weatherall Institute of Molecular Medicine','3','2');
Insert into TEST_USER.COURSE (CNO,CNAME,CREDIT,SESSIONS) values ('SE005','XML','1','1');
Insert into TEST_USER.COURSE (CNO,CNAME,CREDIT,SESSIONS) values ('DT001','DataBase','3','1');
Insert into TEST_USER.COURSE (CNO,CNAME,CREDIT,SESSIONS) values ('DT002','Python','3','1');
Insert into TEST_USER.COURSE (CNO,CNAME,CREDIT,SESSIONS) values ('DT003','Machine Learning','3','1');
Insert into TEST_USER.COURSE (CNO,CNAME,CREDIT,SESSIONS) values ('DT004','Bigdata Programming','3','2');
Insert into TEST_USER.COURSE (CNO,CNAME,CREDIT,SESSIONS) values ('DT005','programming1','3','2');
Insert into TEST_USER.COURSE (CNO,CNAME,CREDIT,SESSIONS) values ('DT006','programming2','3','2');
Insert into TEST_USER.COURSE (CNO,CNAME,CREDIT,SESSIONS) values ('ME006','Korean','3','1');
Insert into TEST_USER.COURSE (CNO,CNAME,CREDIT,SESSIONS) values ('IC007','English2','3','2');
Insert into TEST_USER.COURSE (CNO,CNAME,CREDIT,SESSIONS) values ('CE014','math and science','3','1');
Insert into TEST_USER.COURSE (CNO,CNAME,CREDIT,SESSIONS) values ('SE007','baseball','3','2');
REM INSERTING into TEST_USER.ENROLL
SET DEFINE OFF;
Insert into TEST_USER.ENROLL (SNO,CNO,GRADE,EXAM) values (2321,'CE001','A',100);
Insert into TEST_USER.ENROLL (SNO,CNO,GRADE,EXAM) values (2321,'CE002','A',95);
Insert into TEST_USER.ENROLL (SNO,CNO,GRADE,EXAM) values (2321,'CE003','A',100);
Insert into TEST_USER.ENROLL (SNO,CNO,GRADE,EXAM) values (2321,'CE005','A',92);
Insert into TEST_USER.ENROLL (SNO,CNO,GRADE,EXAM) values (2333,'CE001','B',87);
Insert into TEST_USER.ENROLL (SNO,CNO,GRADE,EXAM) values (2333,'CE003','A',95);
Insert into TEST_USER.ENROLL (SNO,CNO,GRADE,EXAM) values (2333,'CE005','A',97);
Insert into TEST_USER.ENROLL (SNO,CNO,GRADE,EXAM) values (2344,'CE001','B',82);
Insert into TEST_USER.ENROLL (SNO,CNO,GRADE,EXAM) values (2344,'CE002','C',75);
Insert into TEST_USER.ENROLL (SNO,CNO,GRADE,EXAM) values (2344,'CE003','B',89);
Insert into TEST_USER.ENROLL (SNO,CNO,GRADE,EXAM) values (2373,'CE001','B',92);
Insert into TEST_USER.ENROLL (SNO,CNO,GRADE,EXAM) values (2373,'CE002','B',84);
Insert into TEST_USER.ENROLL (SNO,CNO,GRADE,EXAM) values (2373,'CE003','C',72);
Insert into TEST_USER.ENROLL (SNO,CNO,GRADE,EXAM) values (2373,'CE005','B',81);
Insert into TEST_USER.ENROLL (SNO,CNO,GRADE,EXAM) values (2377,'IC001','A',100);
Insert into TEST_USER.ENROLL (SNO,CNO,GRADE,EXAM) values (2388,'SE001','B',85);
Insert into TEST_USER.ENROLL (SNO,CNO,GRADE,EXAM) values (2301,'CE004','A',100);
Insert into TEST_USER.ENROLL (SNO,CNO,GRADE,EXAM) values (2301,'CE006','A',95);
Insert into TEST_USER.ENROLL (SNO,CNO,GRADE,EXAM) values (2301,'CE007','A',100);
Insert into TEST_USER.ENROLL (SNO,CNO,GRADE,EXAM) values (2301,'CE008','A',92);
Insert into TEST_USER.ENROLL (SNO,CNO,GRADE,EXAM) values (2301,'CE009','A',97);
Insert into TEST_USER.ENROLL (SNO,CNO,GRADE,EXAM) values (2302,'CE004','A',95);
Insert into TEST_USER.ENROLL (SNO,CNO,GRADE,EXAM) values (2302,'CE006','A',97);
Insert into TEST_USER.ENROLL (SNO,CNO,GRADE,EXAM) values (2302,'CE007','B',82);
Insert into TEST_USER.ENROLL (SNO,CNO,GRADE,EXAM) values (2302,'CE008','C',75);
Insert into TEST_USER.ENROLL (SNO,CNO,GRADE,EXAM) values (2302,'CE009','B',89);
Insert into TEST_USER.ENROLL (SNO,CNO,GRADE,EXAM) values (2303,'CE004','B',92);
Insert into TEST_USER.ENROLL (SNO,CNO,GRADE,EXAM) values (2303,'CE006','B',84);
Insert into TEST_USER.ENROLL (SNO,CNO,GRADE,EXAM) values (2303,'CE007','C',72);
Insert into TEST_USER.ENROLL (SNO,CNO,GRADE,EXAM) values (2303,'CE008','B',81);
Insert into TEST_USER.ENROLL (SNO,CNO,GRADE,EXAM) values (2303,'CE009','C',70);
Insert into TEST_USER.ENROLL (SNO,CNO,GRADE,EXAM) values (2304,'CE004','A',95);
Insert into TEST_USER.ENROLL (SNO,CNO,GRADE,EXAM) values (2304,'CE006','A',100);
Insert into TEST_USER.ENROLL (SNO,CNO,GRADE,EXAM) values (2304,'CE007','A',95);
Insert into TEST_USER.ENROLL (SNO,CNO,GRADE,EXAM) values (2304,'CE008','A',100);
Insert into TEST_USER.ENROLL (SNO,CNO,GRADE,EXAM) values (2304,'CE009','A',92);
Insert into TEST_USER.ENROLL (SNO,CNO,GRADE,EXAM) values (2305,'CE004','B',87);
Insert into TEST_USER.ENROLL (SNO,CNO,GRADE,EXAM) values (2305,'CE006','C',85);
Insert into TEST_USER.ENROLL (SNO,CNO,GRADE,EXAM) values (2305,'CE007','C',87);
Insert into TEST_USER.ENROLL (SNO,CNO,GRADE,EXAM) values (2305,'CE008','B',82);
Insert into TEST_USER.ENROLL (SNO,CNO,GRADE,EXAM) values (2305,'CE009','C',75);
Insert into TEST_USER.ENROLL (SNO,CNO,GRADE,EXAM) values (2306,'CE001','B',89);
Insert into TEST_USER.ENROLL (SNO,CNO,GRADE,EXAM) values (2306,'CE002','B',92);
Insert into TEST_USER.ENROLL (SNO,CNO,GRADE,EXAM) values (2306,'CE003','B',84);
Insert into TEST_USER.ENROLL (SNO,CNO,GRADE,EXAM) values (2306,'CE004','C',72);
Insert into TEST_USER.ENROLL (SNO,CNO,GRADE,EXAM) values (2306,'CE005','B',81);
Insert into TEST_USER.ENROLL (SNO,CNO,GRADE,EXAM) values (2307,'CE004','A',100);
Insert into TEST_USER.ENROLL (SNO,CNO,GRADE,EXAM) values (2307,'CE006','B',85);
Insert into TEST_USER.ENROLL (SNO,CNO,GRADE,EXAM) values (2307,'CE007','A',100);
Insert into TEST_USER.ENROLL (SNO,CNO,GRADE,EXAM) values (2307,'CE008','A',95);
Insert into TEST_USER.ENROLL (SNO,CNO,GRADE,EXAM) values (2307,'CE009','A',100);
Insert into TEST_USER.ENROLL (SNO,CNO,GRADE,EXAM) values (2308,'CE001','A',92);
Insert into TEST_USER.ENROLL (SNO,CNO,GRADE,EXAM) values (2308,'CE002','B',87);
Insert into TEST_USER.ENROLL (SNO,CNO,GRADE,EXAM) values (2308,'CE003','A',95);
Insert into TEST_USER.ENROLL (SNO,CNO,GRADE,EXAM) values (2308,'CE004','A',97);
Insert into TEST_USER.ENROLL (SNO,CNO,GRADE,EXAM) values (2308,'CE005','B',82);
Insert into TEST_USER.ENROLL (SNO,CNO,GRADE,EXAM) values (2309,'CE004','C',75);
Insert into TEST_USER.ENROLL (SNO,CNO,GRADE,EXAM) values (2309,'CE006','B',89);
Insert into TEST_USER.ENROLL (SNO,CNO,GRADE,EXAM) values (2309,'CE007','B',92);
Insert into TEST_USER.ENROLL (SNO,CNO,GRADE,EXAM) values (2309,'CE008','B',84);
Insert into TEST_USER.ENROLL (SNO,CNO,GRADE,EXAM) values (2309,'CE009','C',72);
Insert into TEST_USER.ENROLL (SNO,CNO,GRADE,EXAM) values (2310,'CE001','B',81);
Insert into TEST_USER.ENROLL (SNO,CNO,GRADE,EXAM) values (2310,'CE002','A',100);
Insert into TEST_USER.ENROLL (SNO,CNO,GRADE,EXAM) values (2310,'CE003','B',85);
Insert into TEST_USER.ENROLL (SNO,CNO,GRADE,EXAM) values (2310,'CE004','A',100);
Insert into TEST_USER.ENROLL (SNO,CNO,GRADE,EXAM) values (2310,'CE005','A',95);
Insert into TEST_USER.ENROLL (SNO,CNO,GRADE,EXAM) values (2312,'CT001','A',100);
Insert into TEST_USER.ENROLL (SNO,CNO,GRADE,EXAM) values (2313,'CT002','A',92);
Insert into TEST_USER.ENROLL (SNO,CNO,GRADE,EXAM) values (2314,'CT003','B',87);
Insert into TEST_USER.ENROLL (SNO,CNO,GRADE,EXAM) values (2315,'CT004','A',95);
Insert into TEST_USER.ENROLL (SNO,CNO,GRADE,EXAM) values (2316,'CT005','A',97);
Insert into TEST_USER.ENROLL (SNO,CNO,GRADE,EXAM) values (2317,'IC002','B',82);
Insert into TEST_USER.ENROLL (SNO,CNO,GRADE,EXAM) values (2318,'IC003','C',75);
Insert into TEST_USER.ENROLL (SNO,CNO,GRADE,EXAM) values (2319,'IC004','B',89);
Insert into TEST_USER.ENROLL (SNO,CNO,GRADE,EXAM) values (2320,'IC005','B',92);
Insert into TEST_USER.ENROLL (SNO,CNO,GRADE,EXAM) values (2322,'IC006','B',84);
Insert into TEST_USER.ENROLL (SNO,CNO,GRADE,EXAM) values (2323,'IC006','C',72);
Insert into TEST_USER.ENROLL (SNO,CNO,GRADE,EXAM) values (2324,'EE001','B',81);
Insert into TEST_USER.ENROLL (SNO,CNO,GRADE,EXAM) values (2325,'EE002','A',100);
Insert into TEST_USER.ENROLL (SNO,CNO,GRADE,EXAM) values (2326,'EE003','B',85);
Insert into TEST_USER.ENROLL (SNO,CNO,GRADE,EXAM) values (2327,'EE004','A',100);
Insert into TEST_USER.ENROLL (SNO,CNO,GRADE,EXAM) values (2328,'EE005','A',95);
Insert into TEST_USER.ENROLL (SNO,CNO,GRADE,EXAM) values (2329,'EE001','A',100);
Insert into TEST_USER.ENROLL (SNO,CNO,GRADE,EXAM) values (2330,'EE002','A',92);
Insert into TEST_USER.ENROLL (SNO,CNO,GRADE,EXAM) values (2331,'EE003','B',87);
Insert into TEST_USER.ENROLL (SNO,CNO,GRADE,EXAM) values (2332,'EE004','A',95);
Insert into TEST_USER.ENROLL (SNO,CNO,GRADE,EXAM) values (2334,'SE001','A',97);
Insert into TEST_USER.ENROLL (SNO,CNO,GRADE,EXAM) values (2335,'SE002','B',82);
Insert into TEST_USER.ENROLL (SNO,CNO,GRADE,EXAM) values (2336,'SE003','C',75);
Insert into TEST_USER.ENROLL (SNO,CNO,GRADE,EXAM) values (2337,'SE004','B',89);
Insert into TEST_USER.ENROLL (SNO,CNO,GRADE,EXAM) values (2338,'SE005','B',92);
Insert into TEST_USER.ENROLL (SNO,CNO,GRADE,EXAM) values (2339,'SE005','B',84);
Insert into TEST_USER.ENROLL (SNO,CNO,GRADE,EXAM) values (2340,'ME001','C',72);
Insert into TEST_USER.ENROLL (SNO,CNO,GRADE,EXAM) values (2341,'ME002','B',81);
Insert into TEST_USER.ENROLL (SNO,CNO,GRADE,EXAM) values (2342,'ME003','A',100);
Insert into TEST_USER.ENROLL (SNO,CNO,GRADE,EXAM) values (2343,'ME004','B',85);
Insert into TEST_USER.ENROLL (SNO,CNO,GRADE,EXAM) values (2345,'ME005','B',81);
Insert into TEST_USER.ENROLL (SNO,CNO,GRADE,EXAM) values (2345,'ME001','A',100);
Insert into TEST_USER.ENROLL (SNO,CNO,GRADE,EXAM) values (2345,'ME002','B',85);
Insert into TEST_USER.ENROLL (SNO,CNO,GRADE,EXAM) values (1000,'DT001','A',100);
Insert into TEST_USER.ENROLL (SNO,CNO,GRADE,EXAM) values (1001,'DT001','A',98);
Insert into TEST_USER.ENROLL (SNO,CNO,GRADE,EXAM) values (1000,'DT002','A',96);
Insert into TEST_USER.ENROLL (SNO,CNO,GRADE,EXAM) values (1001,'DT002','B',78);
Insert into TEST_USER.ENROLL (SNO,CNO,GRADE,EXAM) values (1000,'DT003','B',80);
Insert into TEST_USER.ENROLL (SNO,CNO,GRADE,EXAM) values (1002,'DT003','C',65);
Insert into TEST_USER.ENROLL (SNO,CNO,GRADE,EXAM) values (1000,'DT004','A',90);
Insert into TEST_USER.ENROLL (SNO,CNO,GRADE,EXAM) values (1002,'DT004','A',95);
Insert into TEST_USER.ENROLL (SNO,CNO,GRADE,EXAM) values (1000,'DT005','B',88);
Insert into TEST_USER.ENROLL (SNO,CNO,GRADE,EXAM) values (1003,'DT006','B',89);
Insert into TEST_USER.ENROLL (SNO,CNO,GRADE,EXAM) values (1005,'DT005','A',89);
Insert into TEST_USER.ENROLL (SNO,CNO,GRADE,EXAM) values (1005,'DT006','A',89);
REM INSERTING into TEST_USER.LECTURE
SET DEFINE OFF;
Insert into TEST_USER.LECTURE (CNO,PNO,LEC_TIME,ROOM) values ('CE001',1127,'TUE678','Y117');
Insert into TEST_USER.LECTURE (CNO,PNO,LEC_TIME,ROOM) values ('CE002',1243,'FRI234','Y429');
Insert into TEST_USER.LECTURE (CNO,PNO,LEC_TIME,ROOM) values ('CE003',1534,'WEN123','Y425');
Insert into TEST_USER.LECTURE (CNO,PNO,LEC_TIME,ROOM) values ('CS001',1756,'MON123','Y449');
Insert into TEST_USER.LECTURE (CNO,PNO,LEC_TIME,ROOM) values ('IC001',1257,'FRI678','Y101');
Insert into TEST_USER.LECTURE (CNO,PNO,LEC_TIME,ROOM) values ('SE001',1455,'THI123','Y2120');
Insert into TEST_USER.LECTURE (CNO,PNO,LEC_TIME,ROOM) values ('CE004',1101,'MON456','Y101');
Insert into TEST_USER.LECTURE (CNO,PNO,LEC_TIME,ROOM) values ('CE005',1102,'TUE123','Y102');
Insert into TEST_USER.LECTURE (CNO,PNO,LEC_TIME,ROOM) values ('CE006',1103,'WEN456','Y103');
Insert into TEST_USER.LECTURE (CNO,PNO,LEC_TIME,ROOM) values ('CE007',1104,'THI34','Y104');
Insert into TEST_USER.LECTURE (CNO,PNO,LEC_TIME,ROOM) values ('CE008',1105,'FRI123','Y105');
Insert into TEST_USER.LECTURE (CNO,PNO,LEC_TIME,ROOM) values ('IC002',1201,'MON123','Y201');
Insert into TEST_USER.LECTURE (CNO,PNO,LEC_TIME,ROOM) values ('IC003',1202,'TUE789','Y202');
Insert into TEST_USER.LECTURE (CNO,PNO,LEC_TIME,ROOM) values ('IC004',1203,'WEN456','Y203');
Insert into TEST_USER.LECTURE (CNO,PNO,LEC_TIME,ROOM) values ('IC005',1204,'TUE678','Y204');
Insert into TEST_USER.LECTURE (CNO,PNO,LEC_TIME,ROOM) values ('IC006',1205,'FRI234','Y205');
Insert into TEST_USER.LECTURE (CNO,PNO,LEC_TIME,ROOM) values ('ME001',1301,'WEN123','Y301');
Insert into TEST_USER.LECTURE (CNO,PNO,LEC_TIME,ROOM) values ('ME002',1302,'MON123','Y302');
Insert into TEST_USER.LECTURE (CNO,PNO,LEC_TIME,ROOM) values ('ME003',1303,'FRI678','Y303');
Insert into TEST_USER.LECTURE (CNO,PNO,LEC_TIME,ROOM) values ('ME004',1304,'THI123','Y304');
Insert into TEST_USER.LECTURE (CNO,PNO,LEC_TIME,ROOM) values ('ME005',1305,'MON456','Y305');
Insert into TEST_USER.LECTURE (CNO,PNO,LEC_TIME,ROOM) values ('SE001',1401,'TUE123','Y401');
Insert into TEST_USER.LECTURE (CNO,PNO,LEC_TIME,ROOM) values ('SE002',1402,'WEN456','Y402');
Insert into TEST_USER.LECTURE (CNO,PNO,LEC_TIME,ROOM) values ('SE003',1403,'THI34','Y403');
Insert into TEST_USER.LECTURE (CNO,PNO,LEC_TIME,ROOM) values ('SE004',1404,'FRI123','Y404');
Insert into TEST_USER.LECTURE (CNO,PNO,LEC_TIME,ROOM) values ('SE005',1405,'MON123','Y405');
Insert into TEST_USER.LECTURE (CNO,PNO,LEC_TIME,ROOM) values ('CE009',1501,'TUE789','Y501');
Insert into TEST_USER.LECTURE (CNO,PNO,LEC_TIME,ROOM) values ('CE010',1502,'WEN456','Y502');
Insert into TEST_USER.LECTURE (CNO,PNO,LEC_TIME,ROOM) values ('CE011',1503,'TUE678','Y503');
Insert into TEST_USER.LECTURE (CNO,PNO,LEC_TIME,ROOM) values ('CE012',1504,'FRI234','Y504');
Insert into TEST_USER.LECTURE (CNO,PNO,LEC_TIME,ROOM) values ('CE013',1505,'WEN123','Y505');
Insert into TEST_USER.LECTURE (CNO,PNO,LEC_TIME,ROOM) values ('EE001',1601,'MON123','Y601');
Insert into TEST_USER.LECTURE (CNO,PNO,LEC_TIME,ROOM) values ('EE002',1602,'FRI678','Y602');
Insert into TEST_USER.LECTURE (CNO,PNO,LEC_TIME,ROOM) values ('EE003',1603,'THI123','Y603');
Insert into TEST_USER.LECTURE (CNO,PNO,LEC_TIME,ROOM) values ('EE004',1604,'MON456','Y604');
Insert into TEST_USER.LECTURE (CNO,PNO,LEC_TIME,ROOM) values ('EE005',1605,'TUE123','Y605');
Insert into TEST_USER.LECTURE (CNO,PNO,LEC_TIME,ROOM) values ('CS002',1701,'WEN456','Y701');
Insert into TEST_USER.LECTURE (CNO,PNO,LEC_TIME,ROOM) values ('CS003',1702,'THI34','Y702');
Insert into TEST_USER.LECTURE (CNO,PNO,LEC_TIME,ROOM) values ('CS004',1703,'FRI123','Y703');
Insert into TEST_USER.LECTURE (CNO,PNO,LEC_TIME,ROOM) values ('CS005',1704,'MON123','Y704');
Insert into TEST_USER.LECTURE (CNO,PNO,LEC_TIME,ROOM) values ('CS006',1705,'TUE789','Y705');
Insert into TEST_USER.LECTURE (CNO,PNO,LEC_TIME,ROOM) values ('CT001',1801,'WEN456','Y801');
Insert into TEST_USER.LECTURE (CNO,PNO,LEC_TIME,ROOM) values ('CT002',1802,'FRI123','Y802');
Insert into TEST_USER.LECTURE (CNO,PNO,LEC_TIME,ROOM) values ('CT003',1803,'MON123','Y803');
Insert into TEST_USER.LECTURE (CNO,PNO,LEC_TIME,ROOM) values ('CT004',1804,'TUE789','Y804');
Insert into TEST_USER.LECTURE (CNO,PNO,LEC_TIME,ROOM) values ('CT005',1805,'WEN456','Y805');
Insert into TEST_USER.LECTURE (CNO,PNO,LEC_TIME,ROOM) values ('IC006',1106,'MON234','Y5420');
Insert into TEST_USER.LECTURE (CNO,PNO,LEC_TIME,ROOM) values ('CE007',1106,'MON678','Y5420');
Insert into TEST_USER.LECTURE (CNO,PNO,LEC_TIME,ROOM) values ('DT001',1900,'TUE123','Y103');
Insert into TEST_USER.LECTURE (CNO,PNO,LEC_TIME,ROOM) values ('DT002',1900,'TUE789','Y103');
Insert into TEST_USER.LECTURE (CNO,PNO,LEC_TIME,ROOM) values ('DT003',1901,'MON456','Y103');
Insert into TEST_USER.LECTURE (CNO,PNO,LEC_TIME,ROOM) values ('DT005',1901,'TUE345','Y104');
Insert into TEST_USER.LECTURE (CNO,PNO,LEC_TIME,ROOM) values ('DT006',1901,'TUE678','Y104');
Insert into TEST_USER.LECTURE (CNO,PNO,LEC_TIME,ROOM) values ('SE003',1402,'MON789','Y1001');
Insert into TEST_USER.LECTURE (CNO,PNO,LEC_TIME,ROOM) values ('SE002',1403,'FRI234','Y1002');
Insert into TEST_USER.LECTURE (CNO,PNO,LEC_TIME,ROOM) values ('ME006',1301,'FRI234','Y1003');
Insert into TEST_USER.LECTURE (CNO,PNO,LEC_TIME,ROOM) values ('SE007',1401,'THI456','Y1004');
