--------------------------------------------------------
--  파일이 생성됨 - 월요일-11월-14-2022   
--------------------------------------------------------
REM INSERTING into TEST_USER.PROJECT
SET DEFINE OFF;
Insert into TEST_USER.PROJECT (PNUMBER,PNAME,PLOCATION) values (3321,'Atomic FTP Uploads','CHICAGO');
Insert into TEST_USER.PROJECT (PNUMBER,PNAME,PLOCATION) values (3344,'Application Installer','BOSTON');
Insert into TEST_USER.PROJECT (PNUMBER,PNAME,PLOCATION) values (3373,'Configurator','DALLAS');
Insert into TEST_USER.PROJECT (PNUMBER,PNAME,PLOCATION) values (3377,'Domain Registry ','MIAMI');
Insert into TEST_USER.PROJECT (PNUMBER,PNAME,PLOCATION) values (3388,'Y','SEOUL');
Insert into TEST_USER.PROJECT (PNUMBER,PNAME,PLOCATION) values (3399,'CSS Colour and Image Annotator','NEW YORK');
Insert into TEST_USER.PROJECT (PNUMBER,PNAME,PLOCATION) values (3333,'HTML Disturbed Link Patcher','DALLAS');
Insert into TEST_USER.PROJECT (PNUMBER,PNAME,PLOCATION) values (3311,'Smart Layouts','YONGIN');
Insert into TEST_USER.PROJECT (PNUMBER,PNAME,PLOCATION) values (4001,'web1','KOREA');
Insert into TEST_USER.PROJECT (PNUMBER,PNAME,PLOCATION) values (4002,'web2','KOREA');
Insert into TEST_USER.PROJECT (PNUMBER,PNAME,PLOCATION) values (4003,'web3','KOREA');
Insert into TEST_USER.PROJECT (PNUMBER,PNAME,PLOCATION) values (4004,'web4','KOREA');
Insert into TEST_USER.PROJECT (PNUMBER,PNAME,PLOCATION) values (4005,'web5','KOREA');
Insert into TEST_USER.PROJECT (PNUMBER,PNAME,PLOCATION) values (4006,'app1','KOREA');
Insert into TEST_USER.PROJECT (PNUMBER,PNAME,PLOCATION) values (4007,'app2','KOREA');
Insert into TEST_USER.PROJECT (PNUMBER,PNAME,PLOCATION) values (4008,'app3','KOREA');
Insert into TEST_USER.PROJECT (PNUMBER,PNAME,PLOCATION) values (4009,'app4','KOREA');
Insert into TEST_USER.PROJECT (PNUMBER,PNAME,PLOCATION) values (4010,'app5','KOREA');
REM INSERTING into TEST_USER.WORKS_ON
SET DEFINE OFF;
Insert into TEST_USER.WORKS_ON (SSN,PNUMBER,HOURS) values (147,3388,17);
Insert into TEST_USER.WORKS_ON (SSN,PNUMBER,HOURS) values (110,3388,25);
Insert into TEST_USER.WORKS_ON (SSN,PNUMBER,HOURS) values (116,3388,22);
Insert into TEST_USER.WORKS_ON (SSN,PNUMBER,HOURS) values (146,3377,13);
Insert into TEST_USER.WORKS_ON (SSN,PNUMBER,HOURS) values (112,3377,20);
Insert into TEST_USER.WORKS_ON (SSN,PNUMBER,HOURS) values (111,3373,30);
Insert into TEST_USER.WORKS_ON (SSN,PNUMBER,HOURS) values (114,3373,17);
Insert into TEST_USER.WORKS_ON (SSN,PNUMBER,HOURS) values (113,3373,15);
Insert into TEST_USER.WORKS_ON (SSN,PNUMBER,HOURS) values (148,3373,22);
Insert into TEST_USER.WORKS_ON (SSN,PNUMBER,HOURS) values (115,3344,20);
Insert into TEST_USER.WORKS_ON (SSN,PNUMBER,HOURS) values (117,3321,20);
Insert into TEST_USER.WORKS_ON (SSN,PNUMBER,HOURS) values (118,3344,20);
Insert into TEST_USER.WORKS_ON (SSN,PNUMBER,HOURS) values (119,3373,20);
Insert into TEST_USER.WORKS_ON (SSN,PNUMBER,HOURS) values (120,3377,20);
Insert into TEST_USER.WORKS_ON (SSN,PNUMBER,HOURS) values (121,3388,17);
Insert into TEST_USER.WORKS_ON (SSN,PNUMBER,HOURS) values (122,3399,25);
Insert into TEST_USER.WORKS_ON (SSN,PNUMBER,HOURS) values (123,3333,22);
Insert into TEST_USER.WORKS_ON (SSN,PNUMBER,HOURS) values (124,3311,13);
Insert into TEST_USER.WORKS_ON (SSN,PNUMBER,HOURS) values (125,3321,20);
Insert into TEST_USER.WORKS_ON (SSN,PNUMBER,HOURS) values (126,3344,30);
Insert into TEST_USER.WORKS_ON (SSN,PNUMBER,HOURS) values (128,3377,15);
Insert into TEST_USER.WORKS_ON (SSN,PNUMBER,HOURS) values (129,3388,22);
Insert into TEST_USER.WORKS_ON (SSN,PNUMBER,HOURS) values (130,3399,20);
Insert into TEST_USER.WORKS_ON (SSN,PNUMBER,HOURS) values (131,3333,20);
Insert into TEST_USER.WORKS_ON (SSN,PNUMBER,HOURS) values (132,3311,20);
Insert into TEST_USER.WORKS_ON (SSN,PNUMBER,HOURS) values (134,3344,20);
Insert into TEST_USER.WORKS_ON (SSN,PNUMBER,HOURS) values (136,3377,25);
Insert into TEST_USER.WORKS_ON (SSN,PNUMBER,HOURS) values (137,3388,22);
Insert into TEST_USER.WORKS_ON (SSN,PNUMBER,HOURS) values (138,3399,13);
Insert into TEST_USER.WORKS_ON (SSN,PNUMBER,HOURS) values (139,3333,20);
Insert into TEST_USER.WORKS_ON (SSN,PNUMBER,HOURS) values (150,3311,30);
Insert into TEST_USER.WORKS_ON (SSN,PNUMBER,HOURS) values (151,3321,17);
Insert into TEST_USER.WORKS_ON (SSN,PNUMBER,HOURS) values (153,3373,22);
Insert into TEST_USER.WORKS_ON (SSN,PNUMBER,HOURS) values (154,3377,20);
Insert into TEST_USER.WORKS_ON (SSN,PNUMBER,HOURS) values (155,3388,20);
Insert into TEST_USER.WORKS_ON (SSN,PNUMBER,HOURS) values (156,3399,17);
Insert into TEST_USER.WORKS_ON (SSN,PNUMBER,HOURS) values (157,3333,25);
Insert into TEST_USER.WORKS_ON (SSN,PNUMBER,HOURS) values (158,3311,22);
Insert into TEST_USER.WORKS_ON (SSN,PNUMBER,HOURS) values (159,3321,13);
Insert into TEST_USER.WORKS_ON (SSN,PNUMBER,HOURS) values (160,3344,20);
Insert into TEST_USER.WORKS_ON (SSN,PNUMBER,HOURS) values (162,3377,17);
Insert into TEST_USER.WORKS_ON (SSN,PNUMBER,HOURS) values (163,3388,15);
Insert into TEST_USER.WORKS_ON (SSN,PNUMBER,HOURS) values (164,3399,22);
Insert into TEST_USER.WORKS_ON (SSN,PNUMBER,HOURS) values (165,3333,30);
Insert into TEST_USER.WORKS_ON (SSN,PNUMBER,HOURS) values (166,3311,17);
Insert into TEST_USER.WORKS_ON (SSN,PNUMBER,HOURS) values (167,3321,15);
Insert into TEST_USER.WORKS_ON (SSN,PNUMBER,HOURS) values (169,3373,25);
Insert into TEST_USER.WORKS_ON (SSN,PNUMBER,HOURS) values (170,3377,22);
Insert into TEST_USER.WORKS_ON (SSN,PNUMBER,HOURS) values (172,3399,20);
Insert into TEST_USER.WORKS_ON (SSN,PNUMBER,HOURS) values (173,3333,30);
Insert into TEST_USER.WORKS_ON (SSN,PNUMBER,HOURS) values (174,3311,17);
Insert into TEST_USER.WORKS_ON (SSN,PNUMBER,HOURS) values (175,3311,15);
Insert into TEST_USER.WORKS_ON (SSN,PNUMBER,HOURS) values (134,3321,20);
Insert into TEST_USER.WORKS_ON (SSN,PNUMBER,HOURS) values (173,3344,17);
Insert into TEST_USER.WORKS_ON (SSN,PNUMBER,HOURS) values (134,3373,25);
Insert into TEST_USER.WORKS_ON (SSN,PNUMBER,HOURS) values (134,3377,22);
Insert into TEST_USER.WORKS_ON (SSN,PNUMBER,HOURS) values (134,3388,13);
Insert into TEST_USER.WORKS_ON (SSN,PNUMBER,HOURS) values (134,3399,20);
Insert into TEST_USER.WORKS_ON (SSN,PNUMBER,HOURS) values (134,3333,30);
Insert into TEST_USER.WORKS_ON (SSN,PNUMBER,HOURS) values (134,3311,17);
Insert into TEST_USER.WORKS_ON (SSN,PNUMBER,HOURS) values (170,3321,15);
Insert into TEST_USER.WORKS_ON (SSN,PNUMBER,HOURS) values (170,3344,22);
Insert into TEST_USER.WORKS_ON (SSN,PNUMBER,HOURS) values (170,3373,20);
Insert into TEST_USER.WORKS_ON (SSN,PNUMBER,HOURS) values (173,3377,20);
Insert into TEST_USER.WORKS_ON (SSN,PNUMBER,HOURS) values (170,3388,20);
Insert into TEST_USER.WORKS_ON (SSN,PNUMBER,HOURS) values (170,3399,20);
Insert into TEST_USER.WORKS_ON (SSN,PNUMBER,HOURS) values (170,3333,20);
Insert into TEST_USER.WORKS_ON (SSN,PNUMBER,HOURS) values (170,3311,17);
Insert into TEST_USER.WORKS_ON (SSN,PNUMBER,HOURS) values (173,3321,25);
Insert into TEST_USER.WORKS_ON (SSN,PNUMBER,HOURS) values (151,3344,22);
Insert into TEST_USER.WORKS_ON (SSN,PNUMBER,HOURS) values (151,3373,13);
Insert into TEST_USER.WORKS_ON (SSN,PNUMBER,HOURS) values (151,3377,20);
Insert into TEST_USER.WORKS_ON (SSN,PNUMBER,HOURS) values (151,3388,30);
Insert into TEST_USER.WORKS_ON (SSN,PNUMBER,HOURS) values (151,3399,17);
Insert into TEST_USER.WORKS_ON (SSN,PNUMBER,HOURS) values (151,3333,25);
Insert into TEST_USER.WORKS_ON (SSN,PNUMBER,HOURS) values (151,3311,22);
Insert into TEST_USER.WORKS_ON (SSN,PNUMBER,HOURS) values (155,3321,13);
Insert into TEST_USER.WORKS_ON (SSN,PNUMBER,HOURS) values (155,3344,20);
Insert into TEST_USER.WORKS_ON (SSN,PNUMBER,HOURS) values (155,3373,30);
Insert into TEST_USER.WORKS_ON (SSN,PNUMBER,HOURS) values (155,3377,17);
Insert into TEST_USER.WORKS_ON (SSN,PNUMBER,HOURS) values (173,3388,15);
Insert into TEST_USER.WORKS_ON (SSN,PNUMBER,HOURS) values (155,3399,22);
Insert into TEST_USER.WORKS_ON (SSN,PNUMBER,HOURS) values (155,3333,20);
Insert into TEST_USER.WORKS_ON (SSN,PNUMBER,HOURS) values (155,3311,20);
Insert into TEST_USER.WORKS_ON (SSN,PNUMBER,HOURS) values (164,3321,20);
Insert into TEST_USER.WORKS_ON (SSN,PNUMBER,HOURS) values (164,3344,20);
Insert into TEST_USER.WORKS_ON (SSN,PNUMBER,HOURS) values (164,3373,20);
Insert into TEST_USER.WORKS_ON (SSN,PNUMBER,HOURS) values (164,3377,17);
Insert into TEST_USER.WORKS_ON (SSN,PNUMBER,HOURS) values (164,3388,25);
Insert into TEST_USER.WORKS_ON (SSN,PNUMBER,HOURS) values (173,3399,22);
Insert into TEST_USER.WORKS_ON (SSN,PNUMBER,HOURS) values (164,3333,13);
Insert into TEST_USER.WORKS_ON (SSN,PNUMBER,HOURS) values (164,3311,20);
REM INSERTING into TEST_USER.EMPLOYEE
SET DEFINE OFF;
Insert into TEST_USER.EMPLOYEE (SSN,FNAME,LNAME,BDATE,ADDRESS,SEX,SALARY,SUPERSSN,DNO) values (110,'Donald','Oconnell','02/07/1959','YONGIN','M',2600,146,3);
Insert into TEST_USER.EMPLOYEE (SSN,FNAME,LNAME,BDATE,ADDRESS,SEX,SALARY,SUPERSSN,DNO) values (111,'Douglas','Grant','08/17/1978','DALLAS','M',2600,146,2120);
Insert into TEST_USER.EMPLOYEE (SSN,FNAME,LNAME,BDATE,ADDRESS,SEX,SALARY,SUPERSSN,DNO) values (112,'Jennifer','Whalen','03/07/1982','CHICAGO','F',4400,146,2130);
Insert into TEST_USER.EMPLOYEE (SSN,FNAME,LNAME,BDATE,ADDRESS,SEX,SALARY,SUPERSSN,DNO) values (113,'Michael','Hartstein','05/08/1958','BOSTON','M',13000,147,3);
Insert into TEST_USER.EMPLOYEE (SSN,FNAME,LNAME,BDATE,ADDRESS,SEX,SALARY,SUPERSSN,DNO) values (114,'Pat','Fay','07/18/1984','SEOUL','F',6000,147,2120);
Insert into TEST_USER.EMPLOYEE (SSN,FNAME,LNAME,BDATE,ADDRESS,SEX,SALARY,SUPERSSN,DNO) values (115,'Susan','Mavris','01/14/1972','MIAMI','F',6500,147,2130);
Insert into TEST_USER.EMPLOYEE (SSN,FNAME,LNAME,BDATE,ADDRESS,SEX,SALARY,SUPERSSN,DNO) values (116,'Hermann','Baer','02/06/1961','NEW YORK','M',10000,146,2140);
Insert into TEST_USER.EMPLOYEE (SSN,FNAME,LNAME,BDATE,ADDRESS,SEX,SALARY,SUPERSSN,DNO) values (146,'Jonghoon','Chun','04/06/1975','YONGIN','M',25000,148,2000);
Insert into TEST_USER.EMPLOYEE (SSN,FNAME,LNAME,BDATE,ADDRESS,SEX,SALARY,SUPERSSN,DNO) values (147,'Allan','McEwen','10/25/1968','SEOUL','F',20000,148,2000);
Insert into TEST_USER.EMPLOYEE (SSN,FNAME,LNAME,BDATE,ADDRESS,SEX,SALARY,SUPERSSN,DNO) values (148,'Changwon','Sohn','12/24/1950','YONGIN','M',50000,null,2000);
Insert into TEST_USER.EMPLOYEE (SSN,FNAME,LNAME,BDATE,ADDRESS,SEX,SALARY,SUPERSSN,DNO) values (117,'Michael Jordan ','lee','03/04/1982','YONGIN','M',2600,146,3);
Insert into TEST_USER.EMPLOYEE (SSN,FNAME,LNAME,BDATE,ADDRESS,SEX,SALARY,SUPERSSN,DNO) values (118,'Sienna Miller','lee','10/02/1979','DALLAS','M',2600,146,2120);
Insert into TEST_USER.EMPLOYEE (SSN,FNAME,LNAME,BDATE,ADDRESS,SEX,SALARY,SUPERSSN,DNO) values (119,'Cristiano Ronaldo','park','03/02/1980','CHICAGO','M',4400,146,2130);
Insert into TEST_USER.EMPLOYEE (SSN,FNAME,LNAME,BDATE,ADDRESS,SEX,SALARY,SUPERSSN,DNO) values (120,'Lionel Messi','choi','04/05/1972','BOSTON','M',6000,146,2140);
Insert into TEST_USER.EMPLOYEE (SSN,FNAME,LNAME,BDATE,ADDRESS,SEX,SALARY,SUPERSSN,DNO) values (121,'Jisung Park','lee','02/03/1980','SEOUL','M',6500,146,2150);
Insert into TEST_USER.EMPLOYEE (SSN,FNAME,LNAME,BDATE,ADDRESS,SEX,SALARY,SUPERSSN,DNO) values (122,'Michael Bolton','bong','11/03/1980','MIAMI','M',13000,146,2160);
Insert into TEST_USER.EMPLOYEE (SSN,FNAME,LNAME,BDATE,ADDRESS,SEX,SALARY,SUPERSSN,DNO) values (123,'Bon Jovi','sim','05/05/1982','NEW YORK','M',6000,146,3);
Insert into TEST_USER.EMPLOYEE (SSN,FNAME,LNAME,BDATE,ADDRESS,SEX,SALARY,SUPERSSN,DNO) values (124,'Lee Chung Ki','sin','02/01/1985','YONGIN','M',6500,146,2120);
Insert into TEST_USER.EMPLOYEE (SSN,FNAME,LNAME,BDATE,ADDRESS,SEX,SALARY,SUPERSSN,DNO) values (125,'Jonghoon Chun','cho','04/09/1979','SEOUL','M',2600,146,2130);
Insert into TEST_USER.EMPLOYEE (SSN,FNAME,LNAME,BDATE,ADDRESS,SEX,SALARY,SUPERSSN,DNO) values (126,'JongHyun Lim','oh','07/07/1987','YONGIN','M',4400,146,2140);
Insert into TEST_USER.EMPLOYEE (SSN,FNAME,LNAME,BDATE,ADDRESS,SEX,SALARY,SUPERSSN,DNO) values (127,'Adeline','jung','04/25/1977','YONGIN','M',13000,146,2150);
Insert into TEST_USER.EMPLOYEE (SSN,FNAME,LNAME,BDATE,ADDRESS,SEX,SALARY,SUPERSSN,DNO) values (128,'Alexandra','ryu','10/03/1983','DALLAS','M',6000,146,2160);
Insert into TEST_USER.EMPLOYEE (SSN,FNAME,LNAME,BDATE,ADDRESS,SEX,SALARY,SUPERSSN,DNO) values (129,'Althea ','kim','11/15/1989','CHICAGO','F',6500,146,3);
Insert into TEST_USER.EMPLOYEE (SSN,FNAME,LNAME,BDATE,ADDRESS,SEX,SALARY,SUPERSSN,DNO) values (130,'Donna','lee','12/30/1989','BOSTON','M',13000,146,2120);
Insert into TEST_USER.EMPLOYEE (SSN,FNAME,LNAME,BDATE,ADDRESS,SEX,SALARY,SUPERSSN,DNO) values (131,'Darlene','kim','10/24/1977','SEOUL','F',2600,146,2130);
Insert into TEST_USER.EMPLOYEE (SSN,FNAME,LNAME,BDATE,ADDRESS,SEX,SALARY,SUPERSSN,DNO) values (132,'Ellen','song','12/25/1975','MIAMI','F',2600,147,2140);
Insert into TEST_USER.EMPLOYEE (SSN,FNAME,LNAME,BDATE,ADDRESS,SEX,SALARY,SUPERSSN,DNO) values (133,'Janet','kim','02/10/1986','NEW YORK','M',6000,147,2150);
Insert into TEST_USER.EMPLOYEE (SSN,FNAME,LNAME,BDATE,ADDRESS,SEX,SALARY,SUPERSSN,DNO) values (134,'Ethel ','park','08/15/1975','YONGIN','M',6500,147,2160);
Insert into TEST_USER.EMPLOYEE (SSN,FNAME,LNAME,BDATE,ADDRESS,SEX,SALARY,SUPERSSN,DNO) values (135,'Henrietta ','go','06/21/1971','SEOUL','F',2600,147,3);
Insert into TEST_USER.EMPLOYEE (SSN,FNAME,LNAME,BDATE,ADDRESS,SEX,SALARY,SUPERSSN,DNO) values (136,'Genevieve ','jang','02/05/1973','YONGIN','M',2600,147,2120);
Insert into TEST_USER.EMPLOYEE (SSN,FNAME,LNAME,BDATE,ADDRESS,SEX,SALARY,SUPERSSN,DNO) values (137,'Glenda ','lee','09/18/1972','YONGIN','M',6000,147,2130);
Insert into TEST_USER.EMPLOYEE (SSN,FNAME,LNAME,BDATE,ADDRESS,SEX,SALARY,SUPERSSN,DNO) values (138,'Betty ','han','09/23/1982','DALLAS','M',6500,147,2140);
Insert into TEST_USER.EMPLOYEE (SSN,FNAME,LNAME,BDATE,ADDRESS,SEX,SALARY,SUPERSSN,DNO) values (139,'Jeannette','jung','03/12/1983','CHICAGO','F',13000,147,2150);
Insert into TEST_USER.EMPLOYEE (SSN,FNAME,LNAME,BDATE,ADDRESS,SEX,SALARY,SUPERSSN,DNO) values (150,'Dorothy','park','09/16/1977','BOSTON','M',2600,147,2160);
Insert into TEST_USER.EMPLOYEE (SSN,FNAME,LNAME,BDATE,ADDRESS,SEX,SALARY,SUPERSSN,DNO) values (151,'Cassandra ','sin','08/23/1976','SEOUL','F',10000,147,3);
Insert into TEST_USER.EMPLOYEE (SSN,FNAME,LNAME,BDATE,ADDRESS,SEX,SALARY,SUPERSSN,DNO) values (152,'Eve','park','07/30/1984','MIAMI','F',4400,147,2120);
Insert into TEST_USER.EMPLOYEE (SSN,FNAME,LNAME,BDATE,ADDRESS,SEX,SALARY,SUPERSSN,DNO) values (153,'Brenda ','jin','07/29/1974','NEW YORK','M',6000,147,2130);
Insert into TEST_USER.EMPLOYEE (SSN,FNAME,LNAME,BDATE,ADDRESS,SEX,SALARY,SUPERSSN,DNO) values (154,'Holly','lee','09/28/1968','YONGIN','M',6500,147,2140);
Insert into TEST_USER.EMPLOYEE (SSN,FNAME,LNAME,BDATE,ADDRESS,SEX,SALARY,SUPERSSN,DNO) values (155,'Charlotte','kim','03/11/1969','SEOUL','F',13000,147,2150);
Insert into TEST_USER.EMPLOYEE (SSN,FNAME,LNAME,BDATE,ADDRESS,SEX,SALARY,SUPERSSN,DNO) values (156,'Jenny ','park','06/25/1955','YONGIN','M',10000,147,2160);
Insert into TEST_USER.EMPLOYEE (SSN,FNAME,LNAME,BDATE,ADDRESS,SEX,SALARY,SUPERSSN,DNO) values (157,'Caren','ha','08/18/1968','YONGIN','M',6000,148,3);
Insert into TEST_USER.EMPLOYEE (SSN,FNAME,LNAME,BDATE,ADDRESS,SEX,SALARY,SUPERSSN,DNO) values (158,'Geraldine ','ha','02/27/1978','DALLAS','M',6500,148,2120);
Insert into TEST_USER.EMPLOYEE (SSN,FNAME,LNAME,BDATE,ADDRESS,SEX,SALARY,SUPERSSN,DNO) values (159,'Kelly','kim','08/05/1974','CHICAGO','F',10000,148,2130);
Insert into TEST_USER.EMPLOYEE (SSN,FNAME,LNAME,BDATE,ADDRESS,SEX,SALARY,SUPERSSN,DNO) values (160,'Charity ','na','06/29/1983','BOSTON','M',13000,148,2140);
Insert into TEST_USER.EMPLOYEE (SSN,FNAME,LNAME,BDATE,ADDRESS,SEX,SALARY,SUPERSSN,DNO) values (161,'Josephine ','jun','05/07/1981','SEOUL','F',2600,148,2150);
Insert into TEST_USER.EMPLOYEE (SSN,FNAME,LNAME,BDATE,ADDRESS,SEX,SALARY,SUPERSSN,DNO) values (162,'Leona ','lee','07/09/1979','MIAMI','F',2600,148,2160);
Insert into TEST_USER.EMPLOYEE (SSN,FNAME,LNAME,BDATE,ADDRESS,SEX,SALARY,SUPERSSN,DNO) values (163,'Marina','ryu','07/19/1976','NEW YORK','M',4400,148,3);
Insert into TEST_USER.EMPLOYEE (SSN,FNAME,LNAME,BDATE,ADDRESS,SEX,SALARY,SUPERSSN,DNO) values (164,'Kimberly','cha','05/04/1968','YONGIN','M',6000,148,2120);
Insert into TEST_USER.EMPLOYEE (SSN,FNAME,LNAME,BDATE,ADDRESS,SEX,SALARY,SUPERSSN,DNO) values (165,'Lavinia ','gong','02/04/1985','SEOUL','F',6500,148,2130);
Insert into TEST_USER.EMPLOYEE (SSN,FNAME,LNAME,BDATE,ADDRESS,SEX,SALARY,SUPERSSN,DNO) values (166,'Madeline','kim','04/14/1967','YONGIN','M',13000,148,2140);
Insert into TEST_USER.EMPLOYEE (SSN,FNAME,LNAME,BDATE,ADDRESS,SEX,SALARY,SUPERSSN,DNO) values (167,'Linda','kang','08/19/1965','YONGIN','M',6000,148,2150);
Insert into TEST_USER.EMPLOYEE (SSN,FNAME,LNAME,BDATE,ADDRESS,SEX,SALARY,SUPERSSN,DNO) values (168,'Lora ','park','09/28/1967','DALLAS','M',10000,148,2160);
Insert into TEST_USER.EMPLOYEE (SSN,FNAME,LNAME,BDATE,ADDRESS,SEX,SALARY,SUPERSSN,DNO) values (169,'Lauren','lee','04/18/1979','CHICAGO','F',13000,148,3);
Insert into TEST_USER.EMPLOYEE (SSN,FNAME,LNAME,BDATE,ADDRESS,SEX,SALARY,SUPERSSN,DNO) values (170,'Mary ','gae','10/02/1982','BOSTON','M',2600,148,2120);
Insert into TEST_USER.EMPLOYEE (SSN,FNAME,LNAME,BDATE,ADDRESS,SEX,SALARY,SUPERSSN,DNO) values (171,'Lisa ','sin','11/21/1968','SEOUL','F',10000,148,2130);
Insert into TEST_USER.EMPLOYEE (SSN,FNAME,LNAME,BDATE,ADDRESS,SEX,SALARY,SUPERSSN,DNO) values (172,'Muriel','ga','03/06/1984','MIAMI','F',2600,147,2140);
Insert into TEST_USER.EMPLOYEE (SSN,FNAME,LNAME,BDATE,ADDRESS,SEX,SALARY,SUPERSSN,DNO) values (173,'Olive','nick','09/23/1987','NEW YORK','M',2600,148,2150);
Insert into TEST_USER.EMPLOYEE (SSN,FNAME,LNAME,BDATE,ADDRESS,SEX,SALARY,SUPERSSN,DNO) values (174,'Rose','jo','02/13/1987','YONGIN','M',2600,147,2160);
Insert into TEST_USER.EMPLOYEE (SSN,FNAME,LNAME,BDATE,ADDRESS,SEX,SALARY,SUPERSSN,DNO) values (175,'Waibel Alexander','han','09/07/1981','SEOUL','M',2600,148,2160);
Insert into TEST_USER.EMPLOYEE (SSN,FNAME,LNAME,BDATE,ADDRESS,SEX,SALARY,SUPERSSN,DNO) values (180,'Jung','Eun','09/09/2000','INCHEON','M',3000,146,1000);
REM INSERTING into TEST_USER.DEPARTMENT
SET DEFINE OFF;
Insert into TEST_USER.DEPARTMENT (DNUMBER,DNAME,MGRSTARTDATE,DLOCATION) values (3,'IT','03/02/2005','SEOUL');
Insert into TEST_USER.DEPARTMENT (DNUMBER,DNAME,MGRSTARTDATE,DLOCATION) values (2120,'Marketing','07/24/2007','NEW YORK');
Insert into TEST_USER.DEPARTMENT (DNUMBER,DNAME,MGRSTARTDATE,DLOCATION) values (2130,'Human Resources','02/05/1999','DALLAS');
Insert into TEST_USER.DEPARTMENT (DNUMBER,DNAME,MGRSTARTDATE,DLOCATION) values (2140,'Shipping','01/16/2010','CHICAGO');
Insert into TEST_USER.DEPARTMENT (DNUMBER,DNAME,MGRSTARTDATE,DLOCATION) values (2150,'Sales','11/21/2004','BOSTON');
Insert into TEST_USER.DEPARTMENT (DNUMBER,DNAME,MGRSTARTDATE,DLOCATION) values (2160,'Finance','05/07/2001','MIAMI');
Insert into TEST_USER.DEPARTMENT (DNUMBER,DNAME,MGRSTARTDATE,DLOCATION) values (2000,'Administration','10/11/1984','YONGIN');
Insert into TEST_USER.DEPARTMENT (DNUMBER,DNAME,MGRSTARTDATE,DLOCATION) values (1000,'A','11/14/2022','KOREA');
Insert into TEST_USER.DEPARTMENT (DNUMBER,DNAME,MGRSTARTDATE,DLOCATION) values (1001,'B','11/10/2022','KOREA');
Insert into TEST_USER.DEPARTMENT (DNUMBER,DNAME,MGRSTARTDATE,DLOCATION) values (1002,'C','11/10/2022','KOREA');
Insert into TEST_USER.DEPARTMENT (DNUMBER,DNAME,MGRSTARTDATE,DLOCATION) values (1004,'E','11/05/2020','KOREA');
Insert into TEST_USER.DEPARTMENT (DNUMBER,DNAME,MGRSTARTDATE,DLOCATION) values (1005,'F','1/14/2020','KOREA');
Insert into TEST_USER.DEPARTMENT (DNUMBER,DNAME,MGRSTARTDATE,DLOCATION) values (1006,'G','9/4/2019','KOREA');
Insert into TEST_USER.DEPARTMENT (DNUMBER,DNAME,MGRSTARTDATE,DLOCATION) values (1007,'S','7/14/2012','KOREA');
Insert into TEST_USER.DEPARTMENT (DNUMBER,DNAME,MGRSTARTDATE,DLOCATION) values (1003,'D','11/10/2022','KOREA');
Insert into TEST_USER.DEPARTMENT (DNUMBER,DNAME,MGRSTARTDATE,DLOCATION) values (1008,'H','9/24/2011','KOREA');
Insert into TEST_USER.DEPARTMENT (DNUMBER,DNAME,MGRSTARTDATE,DLOCATION) values (1009,'I','11/10/2018','KOREA');
Insert into TEST_USER.DEPARTMENT (DNUMBER,DNAME,MGRSTARTDATE,DLOCATION) values (1010,'J','7/14/2011','KOREA');
